State Weekly Claims for Unemplyment Insurance Data Not Seasonally Adjusted,,,,,,,,,
,,,,,,,,,
,,,,,,,,,
,,,,,,,,,
State,Filed week ended,Initial Claims,Reflecting Week Ended,Continued Claims,Covered Employment,Insured Unemployment Rate,,,
California,01/01/2000,"37,401",12/25/1999,"342,787","13,844,545",2.48,,,
California,01/08/2000,"59,000",01/01/2000,"432,585","13,936,225",3.1,,,
California,01/15/2000,"50,928",01/08/2000,"402,332","13,936,225",2.89,,,
California,01/22/2000,"51,002",01/15/2000,"393,435","13,936,225",2.82,,,
California,01/29/2000,"52,703",01/22/2000,"398,192","13,936,225",2.86,,,
California,02/05/2000,"64,057",01/29/2000,"406,763","13,936,225",2.92,,,
California,02/12/2000,"58,108",02/05/2000,"390,687","13,936,225",2.8,,,
California,02/19/2000,"56,794",02/12/2000,"404,331","13,936,225",2.9,,,
California,02/26/2000,"51,206",02/19/2000,"401,377","13,936,225",2.88,,,
California,03/04/2000,"54,070",02/26/2000,"436,537","13,936,225",3.13,,,
California,03/11/2000,"51,087",03/04/2000,"427,793","13,936,225",3.07,,,
California,03/18/2000,"45,882",03/11/2000,"422,760","13,936,225",3.03,,,
California,03/25/2000,"44,001",03/18/2000,"412,797","13,936,225",2.96,,,
California,04/01/2000,"42,822",03/25/2000,"397,768","13,936,225",2.85,,,
California,04/08/2000,"43,672",04/01/2000,"383,212","14,037,846",2.73,,,
California,04/15/2000,"40,512",04/08/2000,"363,462","14,037,846",2.59,,,
California,04/22/2000,"44,142",04/15/2000,"361,012","14,037,846",2.57,,,
California,04/29/2000,"39,575",04/22/2000,"336,979","14,037,846",2.4,,,
California,05/06/2000,"48,687",04/29/2000,"345,958","14,037,846",2.46,,,
California,05/13/2000,"45,981",05/06/2000,"324,337","14,037,846",2.31,,,
California,05/20/2000,"42,299",05/13/2000,"321,668","14,037,846",2.29,,,
California,05/27/2000,"40,969",05/20/2000,"317,015","14,037,846",2.26,,,
California,06/03/2000,"40,439",05/27/2000,"291,321","14,037,846",2.08,,,
California,06/10/2000,"45,417",06/03/2000,"319,802","14,037,846",2.28,,,
California,06/17/2000,"48,443",06/10/2000,"303,961","14,037,846",2.17,,,
California,06/24/2000,"49,187",06/17/2000,"308,158","14,037,846",2.2,,,
California,07/01/2000,"47,794",06/24/2000,"303,959","14,037,846",2.17,,,
California,07/08/2000,"43,839",07/01/2000,"287,229","14,144,927",2.03,,,
California,07/15/2000,"44,895",07/08/2000,"328,825","14,144,927",2.32,,,
California,07/22/2000,"42,199",07/15/2000,"323,661","14,144,927",2.29,,,
California,07/29/2000,"41,015",07/22/2000,"304,806","14,144,927",2.15,,,
California,08/05/2000,"47,559",07/29/2000,"310,708","14,144,927",2.2,,,
California,08/12/2000,"44,693",08/05/2000,"296,718","14,144,927",2.1,,,
California,08/19/2000,"39,700",08/12/2000,"302,806","14,144,927",2.14,,,
California,08/26/2000,"39,047",08/19/2000,"301,407","14,144,927",2.13,,,
California,09/02/2000,"38,980",08/26/2000,"296,056","14,144,927",2.09,,,
California,09/09/2000,"37,458",09/02/2000,"276,274","14,144,927",1.95,,,
California,09/16/2000,"40,042",09/09/2000,"290,284","14,144,927",2.05,,,
California,09/23/2000,"40,561",09/16/2000,"285,303","14,144,927",2.02,,,
California,09/30/2000,"42,686",09/23/2000,"277,519","14,144,927",1.96,,,
California,10/07/2000,"47,599",09/30/2000,"281,030","14,267,768",1.97,,,
California,10/14/2000,"44,254",10/07/2000,"267,423","14,267,768",1.87,,,
California,10/21/2000,"46,892",10/14/2000,"291,818","14,267,768",2.05,,,
California,10/28/2000,"46,387",10/21/2000,"287,859","14,267,768",2.02,,,
California,11/04/2000,"59,070",10/28/2000,"302,837","14,267,768",2.12,,,
California,11/11/2000,"47,455",11/04/2000,"274,606","14,267,768",1.92,,,
California,11/18/2000,"61,022",11/11/2000,"334,321","14,267,768",2.34,,,
California,11/25/2000,"42,199",11/18/2000,"314,815","14,267,768",2.21,,,
California,12/02/2000,"56,285",11/25/2000,"355,359","14,267,768",2.49,,,
California,12/09/2000,"48,952",12/02/2000,"359,045","14,267,768",2.52,,,
California,12/16/2000,"48,427",12/09/2000,"365,458","14,267,768",2.56,,,
California,12/23/2000,"50,802",12/16/2000,"359,611","14,267,768",2.52,,,
California,12/30/2000,"42,608",12/23/2000,"339,424","14,267,768",2.38,,,
California,01/06/2001,"45,705",12/30/2000,"375,517","14,267,768",2.63,,,
California,01/13/2001,"57,555",01/06/2001,"403,601","14,395,600",2.8,,,
California,01/20/2001,"41,397",01/13/2001,"341,833","14,395,600",2.37,,,
California,01/27/2001,"54,944",01/20/2001,"415,878","14,395,600",2.89,,,
California,02/03/2001,"60,068",01/27/2001,"393,931","14,395,600",2.74,,,
California,02/10/2001,"61,532",02/03/2001,"389,830","14,395,600",2.71,,,
California,02/17/2001,"52,274",02/10/2001,"379,717","14,395,600",2.64,,,
California,02/24/2001,"53,428",02/17/2001,"408,761","14,395,600",2.84,,,
California,03/03/2001,"56,260",02/24/2001,"426,532","14,395,600",2.96,,,
California,03/10/2001,"58,428",03/03/2001,"443,802","14,395,600",3.08,,,
California,03/17/2001,"51,588",03/10/2001,"432,831","14,395,600",3.01,,,
California,03/24/2001,"49,170",03/17/2001,"442,727","14,395,600",3.08,,,
California,03/31/2001,"49,771",03/24/2001,"415,544","14,395,600",2.89,,,
California,04/07/2001,"52,779",03/31/2001,"421,314","14,395,600",2.93,,,
California,04/14/2001,"51,384",04/07/2001,"402,744","15,098,703",2.67,,,
California,04/21/2001,"50,354",04/14/2001,"417,473","15,098,703",2.76,,,
California,04/28/2001,"48,793",04/21/2001,"404,586","15,098,703",2.68,,,
California,05/05/2001,"55,732",04/28/2001,"413,674","15,098,703",2.74,,,
California,05/12/2001,"55,660",05/05/2001,"392,599","15,098,703",2.6,,,
California,05/19/2001,"52,091",05/12/2001,"404,851","15,098,703",2.68,,,
California,05/26/2001,"49,938",05/19/2001,"400,538","15,098,703",2.65,,,
California,06/02/2001,"44,045",05/26/2001,"390,781","15,098,703",2.59,,,
California,06/09/2001,"51,127",06/02/2001,"412,038","15,098,703",2.73,,,
California,06/16/2001,"52,389",06/09/2001,"406,897","15,098,703",2.69,,,
California,06/23/2001,"54,534",06/16/2001,"400,168","15,098,703",2.65,,,
California,06/30/2001,"53,971",06/23/2001,"420,662","15,098,703",2.79,,,
California,07/07/2001,"49,067",06/30/2001,"389,419","15,098,703",2.58,,,
California,07/14/2001,"54,885",07/07/2001,"445,721","15,213,756",2.93,,,
California,07/21/2001,"52,355",07/14/2001,"439,779","15,213,756",2.89,,,
California,07/28/2001,"48,862",07/21/2001,"427,539","15,213,756",2.81,,,
California,08/04/2001,"54,682",07/28/2001,"438,794","15,213,756",2.88,,,
California,08/11/2001,"53,561",08/04/2001,"430,855","15,213,756",2.83,,,
California,08/18/2001,"48,302",08/11/2001,"438,258","15,213,756",2.88,,,
California,08/25/2001,"47,763",08/18/2001,"428,757","15,213,756",2.82,,,
California,09/01/2001,"48,201",08/25/2001,"432,972","15,213,756",2.85,,,
California,09/08/2001,"44,692",09/01/2001,"406,686","15,213,756",2.67,,,
California,09/15/2001,"45,543",09/08/2001,"433,407","15,213,756",2.85,,,
California,09/22/2001,"54,880",09/15/2001,"422,579","15,213,756",2.78,,,
California,09/29/2001,"59,298",09/22/2001,"427,192","15,213,756",2.81,,,
California,10/06/2001,"64,455",09/29/2001,"436,252","15,213,756",2.87,,,
California,10/13/2001,"57,113",10/06/2001,"415,575","15,318,927",2.71,,,
California,10/20/2001,"67,494",10/13/2001,"461,566","15,318,927",3.01,,,
California,10/27/2001,"63,021",10/20/2001,"462,723","15,318,927",3.02,,,
California,11/03/2001,"66,971",10/27/2001,"477,901","15,318,927",3.12,,,
California,11/10/2001,"67,948",11/03/2001,"490,522","15,318,927",3.2,,,
California,11/17/2001,"63,328",11/10/2001,"476,023","15,318,927",3.11,,,
California,11/24/2001,"48,456",11/17/2001,"493,839","15,318,927",3.22,,,
California,12/01/2001,"67,736",11/24/2001,"556,114","15,318,927",3.63,,,
California,12/08/2001,"60,525",12/01/2001,"547,904","15,318,927",3.58,,,
California,12/15/2001,"53,310",12/08/2001,"563,750","15,318,927",3.68,,,
California,12/22/2001,"48,905",12/15/2001,"564,741","15,318,927",3.69,,,
California,12/29/2001,"37,038",12/22/2001,"469,167","15,318,927",3.06,,,
California,01/05/2002,"58,062",12/29/2001,"541,166","15,318,927",3.53,,,
California,01/12/2002,"92,102",01/05/2002,"581,011","14,789,945",3.93,,,
California,01/19/2002,"80,368",01/12/2002,"522,186","14,789,945",3.53,,,
California,01/26/2002,"67,553",01/19/2002,"619,494","14,789,945",4.19,,,
California,02/02/2002,"69,102",01/26/2002,"565,489","14,789,945",3.82,,,
California,02/09/2002,"67,208",02/02/2002,"643,078","14,789,945",4.35,,,
California,02/16/2002,"58,391",02/09/2002,"573,381","14,789,945",3.88,,,
California,02/23/2002,"55,410",02/16/2002,"619,798","14,789,945",4.19,,,
California,03/02/2002,"58,635",02/23/2002,"608,274","14,789,945",4.11,,,
California,03/09/2002,"59,396",03/02/2002,"653,281","14,789,945",4.42,,,
California,03/16/2002,"54,717",03/09/2002,"585,464","14,789,945",3.96,,,
California,03/23/2002,"59,198",03/16/2002,"646,252","14,789,945",4.37,,,
California,03/30/2002,"60,357",03/23/2002,"568,208","14,789,945",3.84,,,
California,04/06/2002,"55,570",03/30/2002,"622,380","14,789,945",4.21,,,
California,04/13/2002,"64,771",04/06/2002,"552,719","14,807,057",3.73,,,
California,04/20/2002,"66,753",04/13/2002,"603,791","14,807,057",4.08,,,
California,04/27/2002,"62,617",04/20/2002,"549,133","14,807,057",3.71,,,
California,05/04/2002,"59,109",04/27/2002,"593,499","14,807,057",4.01,,,
California,05/11/2002,"57,358",05/04/2002,"531,566","14,807,057",3.59,,,
California,05/18/2002,"52,851",05/11/2002,"569,577","14,807,057",3.85,,,
California,05/25/2002,"55,139",05/18/2002,"515,879","14,807,057",3.48,,,
California,06/01/2002,"45,631",05/25/2002,"524,744","14,807,057",3.54,,,
California,06/08/2002,"53,999",06/01/2002,"514,722","14,807,057",3.48,,,
California,06/15/2002,"55,334",06/08/2002,"551,652","14,807,057",3.73,,,
California,06/22/2002,"58,489",06/15/2002,"487,268","14,807,057",3.29,,,
California,06/29/2002,"57,535",06/22/2002,"532,010","14,807,057",3.59,,,
California,07/06/2002,"55,542",06/29/2002,"486,522","14,807,057",3.29,,,
California,07/13/2002,"61,432",07/06/2002,"532,878","14,719,339",3.62,,,
California,07/20/2002,"58,124",07/13/2002,"532,817","14,719,339",3.62,,,
California,07/27/2002,"59,345",07/20/2002,"518,142","14,719,339",3.52,,,
California,08/03/2002,"52,079",07/27/2002,"516,005","14,719,339",3.51,,,
California,08/10/2002,"53,475",08/03/2002,"502,217","14,719,339",3.41,,,
California,08/17/2002,"51,994",08/10/2002,"485,371","14,719,339",3.3,,,
California,08/24/2002,"51,740",08/17/2002,"518,391","14,719,339",3.52,,,
California,08/31/2002,"50,036",08/24/2002,"495,982","14,719,339",3.37,,,
California,09/07/2002,"46,377",08/31/2002,"457,901","14,719,339",3.11,,,
California,09/14/2002,"51,510",09/07/2002,"485,898","14,719,339",3.3,,,
California,09/21/2002,"53,329",09/14/2002,"478,238","14,719,339",3.25,,,
California,09/28/2002,"52,634",09/21/2002,"484,438","14,719,339",3.29,,,
California,10/05/2002,"63,396",09/28/2002,"466,721","14,719,339",3.17,,,
California,10/12/2002,"62,097",10/05/2002,"466,380","14,661,632",3.18,,,
California,10/19/2002,"60,837",10/12/2002,"469,197","14,661,632",3.2,,,
California,10/26/2002,"60,403",10/19/2002,"469,897","14,661,632",3.2,,,
California,11/02/2002,"60,838",10/26/2002,"491,845","14,661,632",3.35,,,
California,11/09/2002,"68,639",11/02/2002,"500,316","14,661,632",3.41,,,
California,11/16/2002,"55,348",11/09/2002,"456,808","14,661,632",3.12,,,
California,11/23/2002,"72,874",11/16/2002,"530,470","14,661,632",3.62,,,
California,11/30/2002,"44,069",11/23/2002,"473,868","14,661,632",3.23,,,
California,12/07/2002,"64,448",11/30/2002,"549,767","14,661,632",3.75,,,
California,12/14/2002,"57,622",12/07/2002,"542,634","14,661,632",3.7,,,
California,12/21/2002,"65,356",12/14/2002,"562,277","14,661,632",3.84,,,
California,12/28/2002,"55,815",12/21/2002,"500,354","14,661,632",3.41,,,
California,01/04/2003,"53,715",12/28/2002,"538,623","14,661,632",3.67,,,
California,01/11/2003,"75,711",01/04/2003,"588,073","14,616,576",4.02,,,
California,01/18/2003,"74,004",01/11/2003,"569,071","14,616,576",3.89,,,
California,01/25/2003,"63,008",01/18/2003,"577,146","14,616,576",3.95,,,
California,02/01/2003,"63,965",01/25/2003,"572,603","14,616,576",3.92,,,
California,02/08/2003,"67,585",02/01/2003,"598,300","14,616,576",4.09,,,
California,02/15/2003,"57,997",02/08/2003,"566,315","14,616,576",3.87,,,
California,02/22/2003,"57,840",02/15/2003,"576,278","14,616,576",3.94,,,
California,03/01/2003,"63,349",02/22/2003,"599,339","14,616,576",4.1,,,
California,03/08/2003,"62,999",03/01/2003,"615,847","14,616,576",4.21,,,
California,03/15/2003,"57,817",03/08/2003,"586,186","14,616,576",4.01,,,
California,03/22/2003,"58,432",03/15/2003,"612,732","14,616,576",4.19,,,
California,03/29/2003,"56,922",03/22/2003,"583,288","14,616,576",3.99,,,
California,04/05/2003,"57,149",03/29/2003,"587,216","14,616,576",4.02,,,
California,04/12/2003,"66,076",04/05/2003,"554,379","14,601,213",3.8,,,
California,04/19/2003,"62,244",04/12/2003,"579,662","14,601,213",3.97,,,
California,04/26/2003,"59,484",04/19/2003,"565,049","14,601,213",3.87,,,
California,05/03/2003,"58,469",04/26/2003,"579,839","14,601,213",3.97,,,
California,05/10/2003,"58,798",05/03/2003,"569,536","14,601,213",3.9,,,
California,05/17/2003,"52,411",05/10/2003,"555,528","14,601,213",3.8,,,
California,05/24/2003,"52,932",05/17/2003,"557,370","14,601,213",3.82,,,
California,05/31/2003,"47,269",05/24/2003,"491,792","14,601,213",3.37,,,
California,06/07/2003,"57,394",05/31/2003,"545,437","14,601,213",3.74,,,
California,06/14/2003,"56,674",06/07/2003,"534,709","14,601,213",3.66,,,
California,06/21/2003,"60,372",06/14/2003,"523,038","14,601,213",3.58,,,
California,06/28/2003,"58,343",06/21/2003,"523,208","14,601,213",3.58,,,
California,07/05/2003,"60,726",06/28/2003,"509,430","14,601,213",3.49,,,
California,07/12/2003,"64,046",07/05/2003,"508,744","14,604,554",3.48,,,
California,07/19/2003,"56,602",07/12/2003,"534,684","14,604,554",3.66,,,
California,07/26/2003,"51,814",07/19/2003,"532,006","14,604,554",3.64,,,
California,08/02/2003,"51,897",07/26/2003,"539,066","14,604,554",3.69,,,
California,08/09/2003,"53,499",08/02/2003,"523,782","14,604,554",3.59,,,
California,08/16/2003,"44,699",08/09/2003,"508,583","14,604,554",3.48,,,
California,08/23/2003,"49,556",08/16/2003,"507,679","14,604,554",3.48,,,
California,08/30/2003,"50,773",08/23/2003,"496,074","14,604,554",3.4,,,
California,09/06/2003,"45,857",08/30/2003,"448,327","14,604,554",3.07,,,
California,09/13/2003,"51,072",09/06/2003,"503,116","14,604,554",3.44,,,
California,09/20/2003,"48,788",09/13/2003,"484,743","14,604,554",3.32,,,
California,09/27/2003,"46,779",09/20/2003,"470,805","14,604,554",3.22,,,
California,10/04/2003,"58,249",09/27/2003,"469,926","14,604,554",3.22,,,
California,10/11/2003,"58,354",10/04/2003,"457,944","14,603,491",3.14,,,
California,10/18/2003,"54,622",10/11/2003,"440,898","14,603,491",3.02,,,
California,10/25/2003,"68,161",10/18/2003,"476,881","14,603,491",3.27,,,
California,11/01/2003,"55,349",10/25/2003,"459,541","14,603,491",3.15,,,
California,11/08/2003,"64,012",11/01/2003,"488,438","14,603,491",3.34,,,
California,11/15/2003,"54,235",11/08/2003,"469,093","14,603,491",3.21,,,
California,11/22/2003,"61,275",11/15/2003,"514,556","14,603,491",3.52,,,
California,11/29/2003,"41,646",11/22/2003,"443,332","14,603,491",3.04,,,
California,12/06/2003,"58,211",11/29/2003,"490,264","14,603,491",3.36,,,
California,12/13/2003,"48,567",12/06/2003,"502,310","14,603,491",3.44,,,
California,12/20/2003,"45,409",12/13/2003,"505,208","14,603,491",3.46,,,
California,12/27/2003,"49,190",12/20/2003,"465,924","14,603,491",3.19,,,
California,01/03/2004,"43,502",12/27/2003,"482,688","14,603,491",3.31,,,
California,01/10/2004,"58,359",01/03/2004,"521,388","14,592,561",3.57,,,
California,01/17/2004,"58,194",01/10/2004,"502,623","14,592,561",3.44,,,
California,01/24/2004,"49,731",01/17/2004,"489,507","14,592,561",3.35,,,
California,01/31/2004,"57,363",01/24/2004,"501,119","14,592,561",3.43,,,
California,02/07/2004,"57,797",01/31/2004,"493,765","14,592,561",3.38,,,
California,02/14/2004,"44,918",02/07/2004,"484,761","14,592,561",3.32,,,
California,02/21/2004,"48,756",02/14/2004,"466,192","14,592,561",3.19,,,
California,02/28/2004,"58,475",02/21/2004,"510,827","14,592,561",3.5,,,
California,03/06/2004,"51,112",02/28/2004,"512,107","14,592,561",3.51,,,
California,03/13/2004,"48,870",03/06/2004,"492,448","14,592,561",3.37,,,
California,03/20/2004,"46,038",03/13/2004,"491,397","14,592,561",3.37,,,
California,03/27/2004,"44,090",03/20/2004,"472,650","14,592,561",3.24,,,
California,04/03/2004,"42,177",03/27/2004,"455,960","14,592,561",3.12,,,
California,04/10/2004,"54,245",04/03/2004,"439,106","14,578,793",3.01,,,
California,04/17/2004,"47,526",04/10/2004,"438,522","14,578,793",3.01,,,
California,04/24/2004,"47,126",04/17/2004,"450,699","14,578,793",3.09,,,
California,05/01/2004,"43,533",04/24/2004,"420,484","14,578,793",2.88,,,
California,05/08/2004,"45,263",05/01/2004,"427,767","14,578,793",2.93,,,
California,05/15/2004,"43,540",05/08/2004,"412,615","14,578,793",2.83,,,
California,05/22/2004,"42,418",05/15/2004,"413,640","14,578,793",2.84,,,
California,05/29/2004,"40,887",05/22/2004,"396,852","14,578,793",2.72,,,
California,06/05/2004,"43,515",05/29/2004,"374,527","14,578,793",2.57,,,
California,06/12/2004,"43,020",06/05/2004,"370,074","14,578,793",2.54,,,
California,06/19/2004,"49,026",06/12/2004,"414,568","14,578,793",2.84,,,
California,06/26/2004,"45,294",06/19/2004,"388,262","14,578,793",2.66,,,
California,07/03/2004,"47,510",06/26/2004,"397,701","14,578,793",2.73,,,
California,07/10/2004,"48,174",07/03/2004,"357,400","14,573,265",2.45,,,
California,07/17/2004,"45,609",07/10/2004,"411,846","14,573,265",2.83,,,
California,07/24/2004,"42,842",07/17/2004,"397,116","14,573,265",2.72,,,
California,07/31/2004,"41,593",07/24/2004,"395,198","14,573,265",2.71,,,
California,08/07/2004,"43,464",07/31/2004,"386,893","14,573,265",2.65,,,
California,08/14/2004,"39,921",08/07/2004,"386,730","14,573,265",2.65,,,
California,08/21/2004,"40,049",08/14/2004,"382,451","14,573,265",2.62,,,
California,08/28/2004,"37,983",08/21/2004,"375,805","14,573,265",2.58,,,
California,09/04/2004,"40,811",08/28/2004,"367,913","14,573,265",2.52,,,
California,09/11/2004,"35,444",09/04/2004,"334,175","14,573,265",2.29,,,
California,09/18/2004,"40,027",09/11/2004,"365,159","14,573,265",2.51,,,
California,09/25/2004,"39,044",09/18/2004,"353,617","14,573,265",2.43,,,
California,10/02/2004,"43,109",09/25/2004,"347,708","14,573,265",2.39,,,
California,10/09/2004,"46,299",10/02/2004,"342,046","14,600,715",2.34,,,
California,10/16/2004,"37,885",10/09/2004,"316,136","14,600,715",2.17,,,
California,10/23/2004,"49,446",10/16/2004,"355,343","14,600,715",2.43,,,
California,10/30/2004,"48,952",10/23/2004,"350,776","14,600,715",2.4,,,
California,11/06/2004,"52,443",10/30/2004,"375,264","14,600,715",2.57,,,
California,11/13/2004,"46,177",11/06/2004,"352,987","14,600,715",2.42,,,
California,11/20/2004,"51,829",11/13/2004,"385,140","14,600,715",2.64,,,
California,11/27/2004,"37,344",11/20/2004,"291,798","14,600,715",2,,,
California,12/04/2004,"51,358",11/27/2004,"450,756","14,600,715",3.09,,,
California,12/11/2004,"47,257",12/04/2004,"396,401","14,600,715",2.71,,,
California,12/18/2004,"44,226",12/11/2004,"412,957","14,600,715",2.83,,,
California,12/25/2004,"48,265",12/18/2004,"389,899","14,600,715",2.67,,,
California,01/01/2005,"49,862",12/25/2004,"385,004","14,600,715",2.64,,,
California,01/08/2005,"61,905",01/01/2005,"411,509","14,626,721",2.81,,,
California,01/15/2005,"59,409",01/08/2005,"427,710","14,626,721",2.92,,,
California,01/22/2005,"47,959",01/15/2005,"413,531","14,626,721",2.83,,,
California,01/29/2005,"50,224",01/22/2005,"433,809","14,626,721",2.97,,,
California,02/05/2005,"50,028",01/29/2005,"422,433","14,626,721",2.89,,,
California,02/12/2005,"46,255",02/05/2005,"432,478","14,626,721",2.96,,,
California,02/19/2005,"47,576",02/12/2005,"417,371","14,626,721",2.85,,,
California,02/26/2005,"44,700",02/19/2005,"404,081","14,626,721",2.76,,,
California,03/05/2005,"45,977",02/26/2005,"442,243","14,626,721",3.02,,,
California,03/12/2005,"45,024",03/05/2005,"426,438","14,626,721",2.92,,,
California,03/19/2005,"40,097",03/12/2005,"416,232","14,626,721",2.85,,,
California,03/26/2005,"45,524",03/19/2005,"395,395","14,626,721",2.7,,,
California,04/02/2005,"36,989",03/26/2005,"395,517","14,626,721",2.7,,,
California,04/09/2005,"48,102",04/02/2005,"389,760","14,685,176",2.65,,,
California,04/16/2005,"41,702",04/09/2005,"384,654","14,685,176",2.62,,,
California,04/23/2005,"44,959",04/16/2005,"385,093","14,685,176",2.62,,,
California,04/30/2005,"42,605",04/23/2005,"366,814","14,685,176",2.5,,,
California,05/07/2005,"41,239",04/30/2005,"375,637","14,685,176",2.56,,,
California,05/14/2005,"39,207",05/07/2005,"358,617","14,685,176",2.44,,,
California,05/21/2005,"39,017",05/14/2005,"360,357","14,685,176",2.45,,,
California,05/28/2005,"38,090",05/21/2005,"344,116","14,685,176",2.34,,,
California,06/04/2005,"35,618",05/28/2005,"327,110","14,685,176",2.23,,,
California,06/11/2005,"40,205",06/04/2005,"341,495","14,685,176",2.33,,,
California,06/18/2005,"40,344",06/11/2005,"341,507","14,685,176",2.33,,,
California,06/25/2005,"39,619",06/18/2005,"335,641","14,685,176",2.29,,,
California,07/02/2005,"39,372",06/25/2005,"339,775","14,685,176",2.31,,,
California,07/09/2005,"37,639",07/02/2005,"301,990","14,734,895",2.05,,,
California,07/16/2005,"40,345",07/09/2005,"353,213","14,734,895",2.4,,,
California,07/23/2005,"37,170",07/16/2005,"334,919","14,734,895",2.27,,,
California,07/30/2005,"36,238",07/23/2005,"343,485","14,734,895",2.33,,,
California,08/06/2005,"37,846",07/30/2005,"323,135","14,734,895",2.19,,,
California,08/13/2005,"34,784",08/06/2005,"328,774","14,734,895",2.23,,,
California,08/20/2005,"33,336",08/13/2005,"319,867","14,734,895",2.17,,,
California,08/27/2005,"33,672",08/20/2005,"321,768","14,734,895",2.18,,,
California,09/03/2005,"33,573",08/27/2005,"312,925","14,734,895",2.12,,,
California,09/10/2005,"30,731",09/03/2005,"274,588","14,734,895",1.86,,,
California,09/17/2005,"36,571",09/10/2005,"308,804","14,734,895",2.1,,,
California,09/24/2005,"34,444",09/17/2005,"295,491","14,734,895",2.01,,,
California,10/01/2005,"34,561",09/24/2005,"293,932","14,734,895",1.99,,,
California,10/08/2005,"39,615",10/01/2005,"280,277","14,782,350",1.9,,,
California,10/15/2005,"31,362",10/08/2005,"254,373","14,782,350",1.72,,,
California,10/22/2005,"40,537",10/15/2005,"303,341","14,782,350",2.05,,,
California,10/29/2005,"38,727",10/22/2005,"289,280","14,782,350",1.96,,,
California,11/05/2005,"39,579",10/29/2005,"302,137","14,782,350",2.04,,,
California,11/12/2005,"35,798",11/05/2005,"272,098","14,782,350",1.84,,,
California,11/19/2005,"44,425",11/12/2005,"324,775","14,782,350",2.2,,,
California,11/26/2005,"30,023",11/19/2005,"221,559","14,782,350",1.5,,,
California,12/03/2005,"53,024",11/26/2005,"385,442","14,782,350",2.61,,,
California,12/10/2005,"39,246",12/03/2005,"328,921","14,782,350",2.23,,,
California,12/17/2005,"41,593",12/10/2005,"345,161","14,782,350",2.33,,,
California,12/24/2005,"46,591",12/17/2005,"331,290","14,782,350",2.24,,,
California,12/31/2005,"35,908",12/24/2005,"317,535","14,782,350",2.15,,,
California,01/07/2006,"52,543",12/31/2005,"335,432","14,782,350",2.27,,,
California,01/14/2006,"47,631",01/07/2006,"386,208","14,840,170",2.6,,,
California,01/21/2006,"41,989",01/14/2006,"355,296","14,840,170",2.39,,,
California,01/28/2006,"41,122",01/21/2006,"354,864","14,840,170",2.39,,,
California,02/04/2006,"42,128",01/28/2006,"374,801","14,840,170",2.53,,,
California,02/11/2006,"43,905",02/04/2006,"374,547","14,840,170",2.52,,,
California,02/18/2006,"35,837",02/11/2006,"357,687","14,840,170",2.41,,,
California,02/25/2006,"34,910",02/18/2006,"347,978","14,840,170",2.34,,,
California,03/04/2006,"42,829",02/25/2006,"370,566","14,840,170",2.5,,,
California,03/11/2006,"46,332",03/04/2006,"370,279","14,840,170",2.5,,,
California,03/18/2006,"39,447",03/11/2006,"369,016","14,840,170",2.49,,,
California,03/25/2006,"37,614",03/18/2006,"373,126","14,840,170",2.51,,,
California,04/01/2006,"33,437",03/25/2006,"333,392","14,840,170",2.25,,,
California,04/08/2006,"52,555",04/01/2006,"370,886","14,916,266",2.49,,,
California,04/15/2006,"41,016",04/08/2006,"368,379","14,916,266",2.47,,,
California,04/22/2006,"41,460",04/15/2006,"371,047","14,916,266",2.49,,,
California,04/29/2006,"39,703",04/22/2006,"357,500","14,916,266",2.4,,,
California,05/06/2006,"40,393",04/29/2006,"346,296","14,916,266",2.32,,,
California,05/13/2006,"38,419",05/06/2006,"338,138","14,916,266",2.27,,,
California,05/20/2006,"37,179",05/13/2006,"329,994","14,916,266",2.21,,,
California,05/27/2006,"39,232",05/20/2006,"317,886","14,916,266",2.13,,,
California,06/03/2006,"33,110",05/27/2006,"295,493","14,916,266",1.98,,,
California,06/10/2006,"35,643",06/03/2006,"312,229","14,916,266",2.09,,,
California,06/17/2006,"40,252",06/10/2006,"318,352","14,916,266",2.13,,,
California,06/24/2006,"40,036",06/17/2006,"305,935","14,916,266",2.05,,,
California,07/01/2006,"38,818",06/24/2006,"313,803","14,916,266",2.1,,,
California,07/08/2006,"42,197",07/01/2006,"267,091","15,006,360",1.78,,,
California,07/15/2006,"40,723",07/08/2006,"333,066","15,006,360",2.22,,,
California,07/22/2006,"36,123",07/15/2006,"315,888","15,006,360",2.11,,,
California,07/29/2006,"39,692",07/22/2006,"312,319","15,006,360",2.08,,,
California,08/05/2006,"38,650",07/29/2006,"316,703","15,006,360",2.11,,,
California,08/12/2006,"36,662",08/05/2006,"305,038","15,006,360",2.03,,,
California,08/19/2006,"36,126",08/12/2006,"312,970","15,006,360",2.09,,,
California,08/26/2006,"36,196",08/19/2006,"303,282","15,006,360",2.02,,,
California,09/02/2006,"35,284",08/26/2006,"306,692","15,006,360",2.04,,,
California,09/09/2006,"30,767",09/02/2006,"275,514","15,006,360",1.84,,,
California,09/16/2006,"35,480",09/09/2006,"307,353","15,006,360",2.05,,,
California,09/23/2006,"36,282",09/16/2006,"292,076","15,006,360",1.95,,,
California,09/30/2006,"36,027",09/23/2006,"290,850","15,006,360",1.94,,,
California,10/07/2006,"40,188",09/30/2006,"284,325","15,006,360",1.89,,,
California,10/14/2006,"38,388",10/07/2006,"273,708","15,097,853",1.81,,,
California,10/21/2006,"37,676",10/14/2006,"297,656","15,097,853",1.97,,,
California,10/28/2006,"41,061",10/21/2006,"297,555","15,097,853",1.97,,,
California,11/04/2006,"40,827",10/28/2006,"299,751","15,097,853",1.99,,,
California,11/11/2006,"41,241",11/04/2006,"285,651","15,097,853",1.89,,,
California,11/18/2006,"51,190",11/11/2006,"324,651","15,097,853",2.15,,,
California,11/25/2006,"40,320",11/18/2006,"241,530","15,097,853",1.6,,,
California,12/02/2006,"49,679",11/25/2006,"395,214","15,097,853",2.62,,,
California,12/09/2006,"41,293",12/02/2006,"344,816","15,097,853",2.28,,,
California,12/16/2006,"47,305",12/09/2006,"369,592","15,097,853",2.45,,,
California,12/23/2006,"49,129",12/16/2006,"352,335","15,097,853",2.33,,,
California,12/30/2006,"40,045",12/23/2006,"332,231","15,097,853",2.2,,,
California,01/06/2007,"44,405",12/30/2006,"337,862","15,097,853",2.24,,,
California,01/13/2007,"54,520",01/06/2007,"423,890","15,169,195",2.79,,,
California,01/20/2007,"43,524",01/13/2007,"351,510","15,169,195",2.32,,,
California,01/27/2007,"49,038",01/20/2007,"415,609","15,169,195",2.74,,,
California,02/03/2007,"47,582",01/27/2007,"378,647","15,169,195",2.5,,,
California,02/10/2007,"46,512",02/03/2007,"408,072","15,169,195",2.69,,,
California,02/17/2007,"43,754",02/10/2007,"364,545","15,169,195",2.4,,,
California,02/24/2007,"39,374",02/17/2007,"394,891","15,169,195",2.6,,,
California,03/03/2007,"45,770",02/24/2007,"389,460","15,169,195",2.57,,,
California,03/10/2007,"42,589",03/03/2007,"420,301","15,169,195",2.77,,,
California,03/17/2007,"38,510",03/10/2007,"378,842","15,169,195",2.5,,,
California,03/24/2007,"40,364",03/17/2007,"348,224","15,169,195",2.3,,,
California,03/31/2007,"38,875",03/24/2007,"368,368","15,169,195",2.43,,,
California,04/07/2007,"47,519",03/31/2007,"387,553","15,169,195",2.55,,,
California,04/14/2007,"42,210",04/07/2007,"353,102","15,216,697",2.32,,,
California,04/21/2007,"42,973",04/14/2007,"394,516","15,216,697",2.59,,,
California,04/28/2007,"42,595",04/21/2007,"351,112","15,216,697",2.31,,,
California,05/05/2007,"41,866",04/28/2007,"380,004","15,216,697",2.5,,,
California,05/12/2007,"40,345",05/05/2007,"339,330","15,216,697",2.23,,,
California,05/19/2007,"40,953",05/12/2007,"366,627","15,216,697",2.41,,,
California,05/26/2007,"41,041",05/19/2007,"337,318","15,216,697",2.22,,,
California,06/02/2007,"34,093",05/26/2007,"339,230","15,216,697",2.23,,,
California,06/09/2007,"44,426",06/02/2007,"335,520","15,216,697",2.2,,,
California,06/16/2007,"43,362",06/09/2007,"345,821","15,216,697",2.27,,,
California,06/23/2007,"42,728",06/16/2007,"328,633","15,216,697",2.16,,,
California,06/30/2007,"43,889",06/23/2007,"354,487","15,216,697",2.33,,,
California,07/07/2007,"45,912",06/30/2007,"312,168","15,216,697",2.05,,,
California,07/14/2007,"43,517",07/07/2007,"356,079","15,264,261",2.33,,,
California,07/21/2007,"41,005",07/14/2007,"359,553","15,264,261",2.36,,,
California,07/28/2007,"41,351",07/21/2007,"349,728","15,264,261",2.29,,,
California,08/04/2007,"39,352",07/28/2007,"344,922","15,264,261",2.26,,,
California,08/11/2007,"41,925",08/04/2007,"343,952","15,264,261",2.25,,,
California,08/18/2007,"37,942",08/11/2007,"348,352","15,264,261",2.28,,,
California,08/25/2007,"40,150",08/18/2007,"348,927","15,264,261",2.29,,,
California,09/01/2007,"38,814",08/25/2007,"341,587","15,264,261",2.24,,,
California,09/08/2007,"34,465",09/01/2007,"306,322","15,264,261",2.01,,,
California,09/15/2007,"39,835",09/08/2007,"345,354","15,264,261",2.26,,,
California,09/22/2007,"39,782",09/15/2007,"341,396","15,264,261",2.24,,,
California,09/29/2007,"39,485",09/22/2007,"334,984","15,264,261",2.19,,,
California,10/06/2007,"45,802",09/29/2007,"329,275","15,264,261",2.16,,,
California,10/13/2007,"40,885",10/06/2007,"315,458","15,302,977",2.06,,,
California,10/20/2007,"47,912",10/13/2007,"332,256","15,302,977",2.17,,,
California,10/27/2007,"48,901",10/20/2007,"352,163","15,302,977",2.3,,,
California,11/03/2007,"49,976",10/27/2007,"372,805","15,302,977",2.44,,,
California,11/10/2007,"55,672",11/03/2007,"376,150","15,302,977",2.46,,,
California,11/17/2007,"49,767",11/10/2007,"349,192","15,302,977",2.28,,,
California,11/24/2007,"39,332",11/17/2007,"299,001","15,302,977",1.95,,,
California,12/01/2007,"56,199",11/24/2007,"468,905","15,302,977",3.06,,,
California,12/08/2007,"55,762",12/01/2007,"423,240","15,302,977",2.77,,,
California,12/15/2007,"50,408",12/08/2007,"428,752","15,302,977",2.8,,,
California,12/22/2007,"56,753",12/15/2007,"446,300","15,302,977",2.92,,,
California,12/29/2007,"42,300",12/22/2007,"381,930","15,302,977",2.5,,,
California,01/05/2008,"44,124",12/29/2007,"410,144","15,302,977",2.68,,,
California,01/12/2008,"71,318",01/05/2008,"525,109","15,329,643",3.43,,,
California,01/19/2008,"56,986",01/12/2008,"476,059","15,329,643",3.11,,,
California,01/26/2008,"57,219",01/19/2008,"467,286","15,329,643",3.05,,,
California,02/02/2008,"54,370",01/26/2008,"496,507","15,329,643",3.24,,,
California,02/09/2008,"62,227",02/02/2008,"494,444","15,329,643",3.23,,,
California,02/16/2008,"46,200",02/09/2008,"484,568","15,329,643",3.16,,,
California,02/23/2008,"49,222",02/16/2008,"475,950","15,329,643",3.1,,,
California,03/01/2008,"50,509",02/23/2008,"507,205","15,329,643",3.31,,,
California,03/08/2008,"54,264",03/01/2008,"525,363","15,329,643",3.43,,,
California,03/15/2008,"49,248",03/08/2008,"508,890","15,329,643",3.32,,,
California,03/22/2008,"48,438",03/15/2008,"514,329","15,329,643",3.36,,,
California,03/29/2008,"46,843",03/22/2008,"488,368","15,329,643",3.19,,,
California,04/05/2008,"48,794",03/29/2008,"489,715","15,329,643",3.19,,,
California,04/12/2008,"57,585",04/05/2008,"473,566","15,368,370",3.08,,,
California,04/19/2008,"52,455",04/12/2008,"489,346","15,368,370",3.18,,,
California,04/26/2008,"50,766",04/19/2008,"489,480","15,368,370",3.18,,,
California,05/03/2008,"48,999",04/26/2008,"479,182","15,368,370",3.12,,,
California,05/10/2008,"48,670",05/03/2008,"459,733","15,368,370",2.99,,,
California,05/17/2008,"47,730",05/10/2008,"484,368","15,368,370",3.15,,,
California,05/24/2008,"47,023",05/17/2008,"464,925","15,368,370",3.03,,,
California,05/31/2008,"42,272",05/24/2008,"426,025","15,368,370",2.77,,,
California,06/07/2008,"53,050",05/31/2008,"469,268","15,368,370",3.05,,,
California,06/14/2008,"50,940",06/07/2008,"447,148","15,368,370",2.91,,,
California,06/21/2008,"55,995",06/14/2008,"454,412","15,368,370",2.96,,,
California,06/28/2008,"54,764",06/21/2008,"445,299","15,368,370",2.9,,,
California,07/05/2008,"50,186",06/28/2008,"425,407","15,368,370",2.77,,,
California,07/12/2008,"59,602",07/05/2008,"470,581","15,399,303",3.06,,,
California,07/19/2008,"58,053",07/12/2008,"477,427","15,399,303",3.1,,,
California,07/26/2008,"61,964",07/19/2008,"478,969","15,399,303",3.11,,,
California,08/02/2008,"63,171",07/26/2008,"484,170","15,399,303",3.14,,,
California,08/09/2008,"59,209",08/02/2008,"489,096","15,399,303",3.18,,,
California,08/16/2008,"51,347",08/09/2008,"490,985","15,399,303",3.19,,,
California,08/23/2008,"52,045",08/16/2008,"501,294","15,399,303",3.26,,,
California,08/30/2008,"51,832",08/23/2008,"490,734","15,399,303",3.19,,,
California,09/06/2008,"48,594",08/30/2008,"465,231","15,399,303",3.02,,,
California,09/13/2008,"53,273",09/06/2008,"488,697","15,399,303",3.17,,,
California,09/20/2008,"53,416",09/13/2008,"496,672","15,399,303",3.23,,,
California,09/27/2008,"54,071",09/20/2008,"491,736","15,399,303",3.19,,,
California,10/04/2008,"60,074",09/27/2008,"496,042","15,399,303",3.22,,,
California,10/11/2008,"62,855",10/04/2008,"479,501","15,406,411",3.11,,,
California,10/18/2008,"62,853",10/11/2008,"480,220","15,406,411",3.12,,,
California,10/25/2008,"67,470",10/18/2008,"524,612","15,406,411",3.41,,,
California,11/01/2008,"63,867",10/25/2008,"524,568","15,406,411",3.4,,,
California,11/08/2008,"79,399",11/01/2008,"566,092","15,406,411",3.67,,,
California,11/15/2008,"69,963",11/08/2008,"529,092","15,406,411",3.43,,,
California,11/22/2008,"80,845",11/15/2008,"591,037","15,406,411",3.84,,,
California,11/29/2008,"60,541",11/22/2008,"466,215","15,406,411",3.03,,,
California,12/06/2008,"83,504",11/29/2008,"686,801","15,406,411",4.46,,,
California,12/13/2008,"67,011",12/06/2008,"629,256","15,406,411",4.08,,,
California,12/20/2008,"87,877",12/13/2008,"650,297","15,406,411",4.22,,,
California,12/27/2008,"78,175",12/20/2008,"617,302","15,406,411",4.01,,,
California,01/03/2009,"63,379",12/27/2008,"680,775","15,406,411",4.42,,,
California,01/10/2009,"85,952",01/03/2009,"720,000","15,395,215",4.68,,,
California,01/17/2009,"87,778",01/10/2009,"711,152","15,395,215",4.62,,,
California,01/24/2009,"75,704",01/17/2009,"714,976","15,395,215",4.64,,,
California,01/31/2009,"95,705",01/24/2009,"753,477","15,395,215",4.89,,,
California,02/07/2009,"90,456",01/31/2009,"774,063","15,395,215",5.03,,,
California,02/14/2009,"73,906",02/07/2009,"756,220","15,395,215",4.91,,,
California,02/21/2009,"76,583",02/14/2009,"764,070","15,395,215",4.96,,,
California,02/28/2009,"84,348",02/21/2009,"799,826","15,395,215",5.2,,,
California,03/07/2009,"83,071",02/28/2009,"842,370","15,395,215",5.47,,,
California,03/14/2009,"74,516",03/07/2009,"846,159","15,395,215",5.5,,,
California,03/21/2009,"81,236",03/14/2009,"859,561","15,395,215",5.58,,,
California,03/28/2009,"74,179",03/21/2009,"826,924","15,395,215",5.37,,,
California,04/04/2009,"69,471",03/28/2009,"866,734","15,395,215",5.63,,,
California,04/11/2009,"75,875",04/04/2009,"834,569","15,356,117",5.43,,,
California,04/18/2009,"84,410",04/11/2009,"846,477","15,356,117",5.51,,,
California,04/25/2009,"73,577",04/18/2009,"857,454","15,356,117",5.58,,,
California,05/02/2009,"72,078",04/25/2009,"857,298","15,356,117",5.58,,,
California,05/09/2009,"62,026",05/02/2009,"862,545","15,356,117",5.62,,,
California,05/16/2009,"67,473",05/09/2009,"848,804","15,356,117",5.53,,,
California,05/23/2009,"68,156",05/16/2009,"842,827","15,356,117",5.49,,,
California,05/30/2009,"64,605",05/23/2009,"789,917","15,356,117",5.14,,,
California,06/06/2009,"69,499",05/30/2009,"835,142","15,356,117",5.44,,,
California,06/13/2009,"72,039",06/06/2009,"824,021","15,356,117",5.37,,,
California,06/20/2009,"86,609",06/13/2009,"824,766","15,356,117",5.37,,,
California,06/27/2009,"83,690",06/20/2009,"808,416","15,356,117",5.26,,,
California,07/04/2009,"79,397",06/27/2009,"825,122","15,356,117",5.37,,,
California,07/11/2009,"77,642",07/04/2009,"779,065","15,251,685",5.11,,,
California,07/18/2009,"81,932",07/11/2009,"838,396","15,251,685",5.5,,,
California,07/25/2009,"80,794",07/18/2009,"816,466","15,251,685",5.35,,,
California,08/01/2009,"73,536",07/25/2009,"828,403","15,251,685",5.43,,,
California,08/08/2009,"67,901",08/01/2009,"806,307","15,251,685",5.29,,,
California,08/15/2009,"61,615",08/08/2009,"819,133","15,251,685",5.37,,,
California,08/22/2009,"70,247",08/15/2009,"793,055","15,251,685",5.2,,,
California,08/29/2009,"69,273",08/22/2009,"801,682","15,251,685",5.26,,,
California,09/05/2009,"66,522",08/29/2009,"764,368","15,251,685",5.01,,,
California,09/12/2009,"64,433",09/05/2009,"735,909","15,251,685",4.83,,,
California,09/19/2009,"69,545",09/12/2009,"750,237","15,251,685",4.92,,,
California,09/26/2009,"74,012",09/19/2009,"747,420","15,251,685",4.9,,,
California,10/03/2009,"70,101",09/26/2009,"715,904","15,251,685",4.69,,,
California,10/10/2009,"63,039",10/03/2009,"719,232","15,082,209",4.77,,,
California,10/17/2009,"68,813",10/10/2009,"696,640","15,082,209",4.62,,,
California,10/24/2009,"83,207",10/17/2009,"741,409","15,082,209",4.92,,,
California,10/31/2009,"76,455",10/24/2009,"725,675","15,082,209",4.81,,,
California,11/07/2009,"77,701",10/31/2009,"747,135","15,082,209",4.95,,,
California,11/14/2009,"69,714",11/07/2009,"701,752","15,082,209",4.65,,,
California,11/21/2009,"84,510",11/14/2009,"780,965","15,082,209",5.18,,,
California,11/28/2009,"55,838",11/21/2009,"668,951","15,082,209",4.44,,,
California,12/05/2009,"84,196",11/28/2009,"744,969","15,082,209",4.94,,,
California,12/12/2009,"73,681",12/05/2009,"738,069","15,082,209",4.89,,,
California,12/19/2009,"80,998",12/12/2009,"792,087","15,082,209",5.25,,,
California,12/26/2009,"57,838",12/19/2009,"744,165","15,082,209",4.93,,,
California,01/02/2010,"55,554",12/26/2009,"700,773","15,082,209",4.65,,,
California,01/09/2010,"71,714",01/02/2010,"768,617","14,847,447",5.18,,,
California,01/16/2010,"115,462",01/09/2010,"803,077","14,847,447",5.41,,,
California,01/23/2010,"92,788",01/16/2010,"713,717","14,847,447",4.81,,,
California,01/30/2010,"94,784",01/23/2010,"798,524","14,847,447",5.38,,,
California,02/06/2010,"81,249",01/30/2010,"805,393","14,847,447",5.42,,,
California,02/13/2010,"75,709",02/06/2010,"806,301","14,847,447",5.43,,,
California,02/20/2010,"63,709",02/13/2010,"711,571","14,847,447",4.79,,,
California,02/27/2010,"79,821",02/20/2010,"774,238","14,847,447",5.21,,,
California,03/06/2010,"72,586",02/27/2010,"785,800","14,847,447",5.29,,,
California,03/13/2010,"76,020",03/06/2010,"756,743","14,847,447",5.1,,,
California,03/20/2010,"70,840",03/13/2010,"768,956","14,847,447",5.18,,,
California,03/27/2010,"72,141",03/20/2010,"742,296","14,847,447",5,,,
California,04/03/2010,"69,168",03/27/2010,"718,078","14,847,447",4.84,,,
California,04/10/2010,"92,953",04/03/2010,"696,411","14,587,490",4.77,,,
California,04/17/2010,"77,573",04/10/2010,"735,534","14,587,490",5.04,,,
California,04/24/2010,"83,991",04/17/2010,"729,453","14,587,490",5,,,
California,05/01/2010,"65,445",04/24/2010,"714,747","14,587,490",4.9,,,
California,05/08/2010,"73,796",05/01/2010,"711,139","14,587,490",4.87,,,
California,05/15/2010,"71,635",05/08/2010,"694,010","14,587,490",4.76,,,
California,05/22/2010,"70,429",05/15/2010,"674,770","14,587,490",4.63,,,
California,05/29/2010,"72,510",05/22/2010,"695,991","14,587,490",4.77,,,
California,06/05/2010,"62,124",05/29/2010,"583,205","14,587,490",4,,,
California,06/12/2010,"79,696",06/05/2010,"644,233","14,587,490",4.42,,,
California,06/19/2010,"76,067",06/12/2010,"641,934","14,587,490",4.4,,,
California,06/26/2010,"78,292",06/19/2010,"629,927","14,587,490",4.32,,,
California,07/03/2010,"80,625",06/26/2010,"621,766","14,587,490",4.26,,,
California,07/10/2010,"72,591",07/03/2010,"594,123","14,369,803",4.13,,,
California,07/17/2010,"92,400",07/10/2010,"650,059","14,369,803",4.52,,,
California,07/24/2010,"73,293",07/17/2010,"663,027","14,369,803",4.61,,,
California,07/31/2010,"72,028",07/24/2010,"677,080","14,369,803",4.71,,,
California,08/07/2010,"76,421",07/31/2010,"647,228","14,369,803",4.5,,,
California,08/14/2010,"71,146",08/07/2010,"639,786","14,369,803",4.45,,,
California,08/21/2010,"65,163",08/14/2010,"618,870","14,369,803",4.31,,,
California,08/28/2010,"61,036",08/21/2010,"627,317","14,369,803",4.37,,,
California,09/04/2010,"61,371",08/28/2010,"608,620","14,369,803",4.24,,,
California,09/11/2010,"50,617",09/04/2010,"560,165","14,369,803",3.9,,,
California,09/18/2010,"65,770",09/11/2010,"594,082","14,369,803",4.13,,,
California,09/25/2010,"74,730",09/18/2010,"591,917","14,369,803",4.12,,,
California,10/02/2010,"68,599",09/25/2010,"580,184","14,369,803",4.04,,,
California,10/09/2010,"76,528",10/02/2010,"561,257","14,229,335",3.94,,,
California,10/16/2010,"62,827",10/09/2010,"555,991","14,229,335",3.91,,,
California,10/23/2010,"66,582",10/16/2010,"583,507","14,229,335",4.1,,,
California,10/30/2010,"72,969",10/23/2010,"581,664","14,229,335",4.09,,,
California,11/06/2010,"72,806",10/30/2010,"579,215","14,229,335",4.07,,,
California,11/13/2010,"67,762",11/06/2010,"555,461","14,229,335",3.9,,,
California,11/20/2010,"72,204",11/13/2010,"590,665","14,229,335",4.15,,,
California,11/27/2010,"63,884",11/20/2010,"522,878","14,229,335",3.67,,,
California,12/04/2010,"77,469",11/27/2010,"617,098","14,229,335",4.34,,,
California,12/11/2010,"78,671",12/04/2010,"606,427","14,229,335",4.26,,,
California,12/18/2010,"71,015",12/11/2010,"623,619","14,229,335",4.38,,,
California,12/25/2010,"86,987",12/18/2010,"589,274","14,229,335",4.14,,,
California,01/01/2011,"73,293",12/25/2010,"603,897","14,229,335",4.24,,,
California,01/08/2011,"90,829",01/01/2011,"645,820","14,173,472",4.56,,,
California,01/15/2011,"76,520",01/08/2011,"679,492","14,173,472",4.79,,,
California,01/22/2011,"62,745",01/15/2011,"594,074","14,173,472",4.19,,,
California,01/29/2011,"75,019",01/22/2011,"650,368","14,173,472",4.59,,,
California,02/05/2011,"73,325",01/29/2011,"642,559","14,173,472",4.53,,,
California,02/12/2011,"70,262",02/05/2011,"627,285","14,173,472",4.43,,,
California,02/19/2011,"68,060",02/12/2011,"660,214","14,173,472",4.66,,,
California,02/26/2011,"55,330",02/19/2011,"572,701","14,173,472",4.04,,,
California,03/05/2011,"68,718",02/26/2011,"643,518","14,173,472",4.54,,,
California,03/12/2011,"63,228",03/05/2011,"614,229","14,173,472",4.33,,,
California,03/19/2011,"61,078",03/12/2011,"626,105","14,173,472",4.42,,,
California,03/26/2011,"64,658",03/19/2011,"603,901","14,173,472",4.26,,,
California,04/02/2011,"56,563",03/26/2011,"610,500","14,173,472",4.31,,,
California,04/09/2011,"82,209",04/02/2011,"584,805","14,155,103",4.13,,,
California,04/16/2011,"64,192",04/09/2011,"591,037","14,155,103",4.18,,,
California,04/23/2011,"63,828",04/16/2011,"579,312","14,155,103",4.09,,,
California,04/30/2011,"60,683",04/23/2011,"568,128","14,155,103",4.01,,,
California,05/07/2011,"64,698",04/30/2011,"573,156","14,155,103",4.05,,,
California,05/14/2011,"57,870",05/07/2011,"546,868","14,155,103",3.86,,,
California,05/21/2011,"64,923",05/14/2011,"548,959","14,155,103",3.88,,,
California,05/28/2011,"63,309",05/21/2011,"550,443","14,155,103",3.89,,,
California,06/04/2011,"60,799",05/28/2011,"484,936","14,155,103",3.43,,,
California,06/11/2011,"64,683",06/04/2011,"518,293","14,155,103",3.66,,,
California,06/18/2011,"69,076",06/11/2011,"534,857","14,155,103",3.78,,,
California,06/25/2011,"74,451",06/18/2011,"525,401","14,155,103",3.71,,,
California,07/02/2011,"76,392",06/25/2011,"534,804","14,155,103",3.78,,,
California,07/09/2011,"60,641",07/02/2011,"486,509","14,170,992",3.43,,,
California,07/16/2011,"81,454",07/09/2011,"557,226","14,170,992",3.93,,,
California,07/23/2011,"57,765",07/16/2011,"561,808","14,170,992",3.96,,,
California,07/30/2011,"56,781",07/23/2011,"557,342","14,170,992",3.93,,,
California,08/06/2011,"64,629",07/30/2011,"550,783","14,170,992",3.89,,,
California,08/13/2011,"53,717",08/06/2011,"527,554","14,170,992",3.72,,,
California,08/20/2011,"54,332",08/13/2011,"538,684","14,170,992",3.8,,,
California,08/27/2011,"57,669",08/20/2011,"523,603","14,170,992",3.69,,,
California,09/03/2011,"57,093",08/27/2011,"524,095","14,170,992",3.7,,,
California,09/10/2011,"53,772",09/03/2011,"475,227","14,170,992",3.35,,,
California,09/17/2011,"54,840",09/10/2011,"502,303","14,170,992",3.54,,,
California,09/24/2011,"53,619",09/17/2011,"489,962","14,170,992",3.46,,,
California,10/01/2011,"56,146",09/24/2011,"484,625","14,170,992",3.42,,,
California,10/08/2011,"70,028",10/01/2011,"472,893","14,206,272",3.33,,,
California,10/15/2011,"61,086",10/08/2011,"470,559","14,206,272",3.31,,,
California,10/22/2011,"68,262",10/15/2011,"487,093","14,206,272",3.43,,,
California,10/29/2011,"62,629",10/22/2011,"494,044","14,206,272",3.48,,,
California,11/05/2011,"64,078",10/29/2011,"491,546","14,206,272",3.46,,,
California,11/12/2011,"54,696",11/05/2011,"464,388","14,206,272",3.27,,,
California,11/19/2011,"73,916",11/12/2011,"529,514","14,206,272",3.73,,,
California,11/26/2011,"46,476",11/19/2011,"420,655","14,206,272",2.96,,,
California,12/03/2011,"74,256",11/26/2011,"575,228","14,206,272",4.05,,,
California,12/10/2011,"58,673",12/03/2011,"538,828","14,206,272",3.79,,,
California,12/17/2011,"63,427",12/10/2011,"539,118","14,206,272",3.79,,,
California,12/24/2011,"79,917",12/17/2011,"528,551","14,206,272",3.72,,,
California,12/31/2011,"55,948",12/24/2011,"516,961","14,206,272",3.64,,,
California,01/07/2012,"78,116",12/31/2011,"536,704","14,206,272",3.78,,,
California,01/14/2012,"79,798",01/07/2012,"571,648","14,214,535",4.02,,,
California,01/21/2012,"59,100",01/14/2012,"568,109","14,214,535",4,,,
California,01/28/2012,"63,671",01/21/2012,"570,411","14,214,535",4.01,,,
California,02/04/2012,"69,535",01/28/2012,"582,587","14,214,535",4.1,,,
California,02/11/2012,"61,073",02/04/2012,"566,150","14,214,535",3.98,,,
California,02/18/2012,"59,621",02/11/2012,"579,713","14,214,535",4.08,,,
California,02/25/2012,"55,090",02/18/2012,"547,636","14,214,535",3.85,,,
California,03/03/2012,"59,410",02/25/2012,"575,234","14,214,535",4.05,,,
California,03/10/2012,"54,714",03/03/2012,"579,410","14,214,535",4.08,,,
California,03/17/2012,"53,111",03/10/2012,"560,516","14,214,535",3.94,,,
California,03/24/2012,"55,310",03/17/2012,"562,420","14,214,535",3.96,,,
California,03/31/2012,"54,627",03/24/2012,"560,127","14,214,535",3.94,,,
California,04/07/2012,"61,214",03/31/2012,"542,385","14,214,535",3.82,,,
California,04/14/2012,"64,274",04/07/2012,"543,929","14,265,490",3.81,,,
California,04/21/2012,"63,217",04/14/2012,"546,327","14,265,490",3.83,,,
California,04/28/2012,"56,427",04/21/2012,"532,644","14,265,490",3.73,,,
California,05/05/2012,"58,040",04/28/2012,"523,775","14,265,490",3.67,,,
California,05/12/2012,"54,562",05/05/2012,"508,470","14,265,490",3.56,,,
California,05/19/2012,"57,278",05/12/2012,"510,048","14,265,490",3.58,,,
California,05/26/2012,"56,934",05/19/2012,"481,791","14,265,490",3.38,,,
California,06/02/2012,"52,766",05/26/2012,"464,868","14,265,490",3.26,,,
California,06/09/2012,"65,753",06/02/2012,"474,722","14,265,490",3.33,,,
California,06/16/2012,"57,737",06/09/2012,"483,295","14,265,490",3.39,,,
California,06/23/2012,"65,976",06/16/2012,"477,201","14,265,490",3.35,,,
California,06/30/2012,"67,021",06/23/2012,"477,971","14,265,490",3.35,,,
California,07/07/2012,"58,005",06/30/2012,"446,885","14,265,490",3.13,,,
California,07/14/2012,"84,249",07/07/2012,"492,307","14,313,238",3.44,,,
California,07/21/2012,"52,142",07/14/2012,"511,942","14,313,238",3.58,,,
California,07/28/2012,"47,404",07/21/2012,"506,841","14,313,238",3.54,,,
California,08/04/2012,"50,473",07/28/2012,"500,102","14,313,238",3.49,,,
California,08/11/2012,"58,414",08/04/2012,"497,159","14,313,238",3.47,,,
California,08/18/2012,"52,865",08/11/2012,"482,250","14,313,238",3.37,,,
California,08/25/2012,"51,108",08/18/2012,"495,432","14,313,238",3.46,,,
California,09/01/2012,"51,062",08/25/2012,"477,821","14,313,238",3.34,,,
California,09/08/2012,"42,899",09/01/2012,"437,339","14,313,238",3.06,,,
California,09/15/2012,"61,421",09/08/2012,"449,337","14,313,238",3.14,,,
California,09/22/2012,"47,894",09/15/2012,"464,722","14,313,238",3.25,,,
California,09/29/2012,"49,963",09/22/2012,"448,847","14,313,238",3.14,,,
California,10/06/2012,"44,984",09/29/2012,"452,530","14,313,238",3.16,,,
California,10/13/2012,"71,919",10/06/2012,"428,546","14,405,801",2.97,,,
California,10/20/2012,"55,333",10/13/2012,"446,781","14,405,801",3.1,,,
California,10/27/2012,"56,472",10/20/2012,"457,896","14,405,801",3.18,,,
California,11/03/2012,"48,323",10/27/2012,"429,239","14,405,801",2.98,,,
California,11/10/2012,"73,016",11/03/2012,"465,727","14,405,801",3.23,,,
California,11/17/2012,"46,679",11/10/2012,"424,226","14,405,801",2.94,,,
California,11/24/2012,"39,626",11/17/2012,"386,244","14,405,801",2.68,,,
California,12/01/2012,"64,037",11/24/2012,"504,047","14,405,801",3.5,,,
California,12/08/2012,"69,989",12/01/2012,"480,087","14,405,801",3.33,,,
California,12/15/2012,"63,122",12/08/2012,"505,927","14,405,801",3.51,,,
California,12/22/2012,"51,333",12/15/2012,"488,724","14,405,801",3.39,,,
California,12/29/2012,"53,345",12/22/2012,"476,587","14,405,801",3.31,,,
California,01/05/2013,"62,036",12/29/2012,"495,994","14,405,801",3.44,,,
California,01/12/2013,"72,268",01/05/2013,"531,567","14,454,680",3.68,,,
California,01/19/2013,"68,650",01/12/2013,"513,167","14,454,680",3.55,,,
California,01/26/2013,"48,236",01/19/2013,"515,609","14,454,680",3.57,,,
California,02/02/2013,"60,020",01/26/2013,"548,829","14,454,680",3.8,,,
California,02/09/2013,"55,190",02/02/2013,"522,272","14,454,680",3.61,,,
California,02/16/2013,"81,873",02/09/2013,"556,801","14,454,680",3.85,,,
California,02/23/2013,"41,521",02/16/2013,"480,702","14,454,680",3.33,,,
California,03/02/2013,"53,241",02/23/2013,"540,456","14,454,680",3.74,,,
California,03/09/2013,"47,052",03/02/2013,"500,748","14,454,680",3.46,,,
California,03/16/2013,"50,059",03/09/2013,"530,818","14,454,680",3.67,,,
California,03/23/2013,"58,771",03/16/2013,"526,334","14,454,680",3.64,,,
California,03/30/2013,"56,110",03/23/2013,"547,144","14,454,680",3.79,,,
California,04/06/2013,"43,217",03/30/2013,"494,955","14,454,680",3.42,,,
California,04/13/2013,"67,520",04/06/2013,"494,422","14,577,342",3.39,,,
California,04/20/2013,"50,839",04/13/2013,"491,553","14,577,342",3.37,,,
California,04/27/2013,"47,118",04/20/2013,"465,720","14,577,342",3.19,,,
California,05/04/2013,"47,193",04/27/2013,"499,308","14,577,342",3.43,,,
California,05/11/2013,"62,253",05/04/2013,"478,472","14,577,342",3.28,,,
California,05/18/2013,"45,919",05/11/2013,"421,478","14,577,342",2.89,,,
California,05/25/2013,"54,541",05/18/2013,"473,416","14,577,342",3.25,,,
California,06/01/2013,"45,745",05/25/2013,"422,951","14,577,342",2.9,,,
California,06/08/2013,"44,536",06/01/2013,"420,814","14,577,342",2.89,,,
California,06/15/2013,"59,877",06/08/2013,"457,250","14,577,342",3.14,,,
California,06/22/2013,"66,058",06/15/2013,"443,420","14,577,342",3.04,,,
California,06/29/2013,"56,735",06/22/2013,"438,935","14,577,342",3.01,,,
California,07/06/2013,"52,470",06/29/2013,"460,771","14,577,342",3.16,,,
California,07/13/2013,"59,269",07/06/2013,"558,161","14,692,916",3.8,,,
California,07/20/2013,"66,992",07/13/2013,"504,844","14,692,916",3.44,,,
California,07/27/2013,"45,513",07/20/2013,"441,122","14,692,916",3,,,
California,08/03/2013,"49,228",07/27/2013,"498,413","14,692,916",3.39,,,
California,08/10/2013,"45,123",08/03/2013,"439,914","14,692,916",2.99,,,
California,08/17/2013,"50,990",08/10/2013,"484,069","14,692,916",3.29,,,
California,08/24/2013,"48,446",08/17/2013,"458,852","14,692,916",3.12,,,
California,08/31/2013,"43,458",08/24/2013,"424,986","14,692,916",2.89,,,
California,09/07/2013,"18,046",08/31/2013,"302,786","14,692,916",2.06,,,
California,09/14/2013,"40,657",09/07/2013,"306,763","14,692,916",2.09,,,
California,09/21/2013,"36,903",09/14/2013,"356,924","14,692,916",2.43,,,
California,09/28/2013,"37,948",09/21/2013,"441,211","14,692,916",3,,,
California,10/05/2013,"71,602",09/28/2013,"428,705","14,692,916",2.92,,,
California,10/12/2013,"83,383",10/05/2013,"375,783","14,813,922",2.54,,,
California,10/19/2013,"70,350",10/12/2013,"399,840","14,813,922",2.7,,,
California,10/26/2013,"65,890",10/19/2013,"442,939","14,813,922",2.99,,,
California,11/02/2013,"63,422",10/26/2013,"426,251","14,813,922",2.88,,,
California,11/09/2013,"68,159",11/02/2013,"384,958","14,813,922",2.6,,,
California,11/16/2013,"63,515",11/09/2013,"411,257","14,813,922",2.78,,,
California,11/23/2013,"71,841",11/16/2013,"459,808","14,813,922",3.1,,,
California,11/30/2013,"51,921",11/23/2013,"360,981","14,813,922",2.44,,,
California,12/07/2013,"73,797",11/30/2013,"505,600","14,813,922",3.41,,,
California,12/14/2013,"78,419",12/07/2013,"486,723","14,813,922",3.29,,,
California,12/21/2013,"72,990",12/14/2013,"497,644","14,813,922",3.36,,,
California,12/28/2013,"58,355",12/21/2013,"411,286","14,813,922",2.78,,,
California,01/04/2014,"54,871",12/28/2013,"472,222","14,813,922",3.19,,,
California,01/11/2014,"63,190",01/04/2014,"526,165","14,948,302",3.52,,,
California,01/18/2014,"74,898",01/11/2014,"526,131","14,948,302",3.52,,,
California,01/25/2014,"72,535",01/18/2014,"488,316","14,948,302",3.27,,,
California,02/01/2014,"62,904",01/25/2014,"515,291","14,948,302",3.45,,,
California,02/08/2014,"64,049",02/01/2014,"549,507","14,948,302",3.68,,,
California,02/15/2014,"69,881",02/08/2014,"545,367","14,948,302",3.65,,,
California,02/22/2014,"64,908",02/15/2014,"531,405","14,948,302",3.55,,,
California,03/01/2014,"59,143",02/22/2014,"546,744","14,948,302",3.66,,,
California,03/08/2014,"57,881",03/01/2014,"545,757","14,948,302",3.65,,,
California,03/15/2014,"61,070",03/08/2014,"542,770","14,948,302",3.63,,,
California,03/22/2014,"52,345",03/15/2014,"504,565","14,948,302",3.38,,,
California,03/29/2014,"69,971",03/22/2014,"534,434","14,948,302",3.58,,,
California,04/05/2014,"56,079",03/29/2014,"482,835","14,948,302",3.23,,,
California,04/12/2014,"65,292",04/05/2014,"469,187","15,023,327",3.12,,,
California,04/19/2014,"62,405",04/12/2014,"475,987","15,023,327",3.17,,,
California,04/26/2014,"61,168",04/19/2014,"486,463","15,023,327",3.24,,,
California,05/03/2014,"57,455",04/26/2014,"471,942","15,023,327",3.14,,,
California,05/10/2014,"49,804",05/03/2014,"451,843","15,023,327",3.01,,,
California,05/17/2014,"54,281",05/10/2014,"446,698","15,023,327",2.97,,,
California,05/24/2014,"53,111",05/17/2014,"431,112","15,023,327",2.87,,,
California,05/31/2014,"51,167",05/24/2014,"402,159","15,023,327",2.68,,,
California,06/07/2014,"61,102",05/31/2014,"425,034","15,023,327",2.83,,,
California,06/14/2014,"61,772",06/07/2014,"416,501","15,023,327",2.77,,,
California,06/21/2014,"62,327",06/14/2014,"414,824","15,023,327",2.76,,,
California,06/28/2014,"55,033",06/21/2014,"409,662","15,023,327",2.73,,,
California,07/05/2014,"51,025",06/28/2014,"390,393","15,023,327",2.6,,,
California,07/12/2014,"62,151",07/05/2014,"419,338","15,136,344",2.77,,,
California,07/19/2014,"55,929",07/12/2014,"421,331","15,136,344",2.78,,,
California,07/26/2014,"54,180",07/19/2014,"416,442","15,136,344",2.75,,,
California,08/02/2014,"44,936",07/26/2014,"416,489","15,136,344",2.75,,,
California,08/09/2014,"55,043",08/02/2014,"423,628","15,136,344",2.8,,,
California,08/16/2014,"46,272",08/09/2014,"399,371","15,136,344",2.64,,,
California,08/23/2014,"47,139",08/16/2014,"405,581","15,136,344",2.68,,,
California,08/30/2014,"48,702",08/23/2014,"390,512","15,136,344",2.58,,,
California,09/06/2014,"37,734",08/30/2014,"348,517","15,136,344",2.3,,,
California,09/13/2014,"43,003",09/06/2014,"365,470","15,136,344",2.41,,,
California,09/20/2014,"51,833",09/13/2014,"386,612","15,136,344",2.55,,,
California,09/27/2014,"44,118",09/20/2014,"370,329","15,136,344",2.45,,,
California,10/04/2014,"45,943",09/27/2014,"350,650","15,136,344",2.32,,,
California,10/11/2014,"46,671",10/04/2014,"354,764","15,245,478",2.33,,,
California,10/18/2014,"49,425",10/11/2014,"339,212","15,245,478",2.23,,,
California,10/25/2014,"52,364",10/18/2014,"385,623","15,245,478",2.53,,,
California,11/01/2014,"48,514",10/25/2014,"352,776","15,245,478",2.31,,,
California,11/08/2014,"58,026",11/01/2014,"386,772","15,245,478",2.54,,,
California,11/15/2014,"40,438",11/08/2014,"351,320","15,245,478",2.3,,,
California,11/22/2014,"59,611",11/15/2014,"386,060","15,245,478",2.53,,,
California,11/29/2014,"45,792",11/22/2014,"315,741","15,245,478",2.07,,,
California,12/06/2014,"51,843",11/29/2014,"448,997","15,245,478",2.95,,,
California,12/13/2014,"63,637",12/06/2014,"387,307","15,245,478",2.54,,,
California,12/20/2014,"47,498",12/13/2014,"429,063","15,245,478",2.81,,,
California,12/27/2014,"54,045",12/20/2014,"377,231","15,245,478",2.47,,,
California,01/03/2015,"40,784",12/27/2014,"420,154","15,245,478",2.76,,,
California,01/10/2015,"66,906",01/03/2015,"423,923","15,354,250",2.76,,,
California,01/17/2015,"62,191",01/10/2015,"464,163","15,354,250",3.02,,,
California,01/24/2015,"40,605",01/17/2015,"390,977","15,354,250",2.55,,,
California,01/31/2015,"58,673",01/24/2015,"468,557","15,354,250",3.05,,,
California,02/07/2015,"61,006",01/31/2015,"431,740","15,354,250",2.81,,,
California,02/14/2015,"46,871",02/07/2015,"452,876","15,354,250",2.95,,,
California,02/21/2015,"43,039",02/14/2015,"420,633","15,354,250",2.74,,,
California,02/28/2015,"47,589",02/21/2015,"453,566","15,354,250",2.95,,,
California,03/07/2015,"45,764",02/28/2015,"444,014","15,354,250",2.89,,,
California,03/14/2015,"46,784",03/07/2015,"432,241","15,354,250",2.82,,,
California,03/21/2015,"44,249",03/14/2015,"458,111","15,354,250",2.98,,,
California,03/28/2015,"43,250",03/21/2015,"419,464","15,354,250",2.73,,,
California,04/04/2015,"39,603",03/28/2015,"401,616","15,354,250",2.62,,,
California,04/11/2015,"50,178",04/04/2015,"384,669","15,525,569",2.48,,,
California,04/18/2015,"51,521",04/11/2015,"403,219","15,525,569",2.6,,,
California,04/25/2015,"47,303",04/18/2015,"411,700","15,525,569",2.65,,,
California,05/02/2015,"45,550",04/25/2015,"393,899","15,525,569",2.54,,,
California,05/09/2015,"45,289",05/02/2015,"397,919","15,525,569",2.56,,,
California,05/16/2015,"42,759",05/09/2015,"372,770","15,525,569",2.4,,,
California,05/23/2015,"42,678",05/16/2015,"375,918","15,525,569",2.42,,,
California,05/30/2015,"34,787",05/23/2015,"327,528","15,525,569",2.11,,,
California,06/06/2015,"45,704",05/30/2015,"368,285","15,525,569",2.37,,,
California,06/13/2015,"43,112",06/06/2015,"347,060","15,525,569",2.24,,,
California,06/20/2015,"45,297",06/13/2015,"358,319","15,525,569",2.31,,,
California,06/27/2015,"48,227",06/20/2015,"347,736","15,525,569",2.24,,,
California,07/04/2015,"53,941",06/27/2015,"372,194","15,525,569",2.4,,,
California,07/11/2015,"46,942",07/04/2015,"354,829","15,580,610",2.28,,,
California,07/18/2015,"48,890",07/11/2015,"356,765","15,580,610",2.29,,,
California,07/25/2015,"45,028",07/18/2015,"373,848","15,580,610",2.4,,,
California,08/01/2015,"41,871",07/25/2015,"365,036","15,580,610",2.34,,,
California,08/08/2015,"44,369",08/01/2015,"369,801","15,580,610",2.37,,,
California,08/15/2015,"44,200",08/08/2015,"354,167","15,580,610",2.27,,,
California,08/22/2015,"42,898",08/15/2015,"363,099","15,580,610",2.33,,,
California,08/29/2015,"41,597",08/22/2015,"355,479","15,580,610",2.28,,,
California,09/05/2015,"42,125",08/29/2015,"348,562","15,580,610",2.24,,,
California,09/12/2015,"36,839",09/05/2015,"322,058","15,580,610",2.07,,,
California,09/19/2015,"40,564",09/12/2015,"338,981","15,580,610",2.18,,,
California,09/26/2015,"40,180",09/19/2015,"336,664","15,580,610",2.16,,,
California,10/03/2015,"42,531",09/26/2015,"329,972","15,580,610",2.12,,,
California,10/10/2015,"44,298",10/03/2015,"313,322","15,685,876",2,,,
California,10/17/2015,"43,592",10/10/2015,"307,831","15,685,876",1.96,,,
California,10/24/2015,"45,861",10/17/2015,"329,502","15,685,876",2.1,,,
California,10/31/2015,"48,011",10/24/2015,"327,658","15,685,876",2.09,,,
California,11/07/2015,"47,675",10/31/2015,"331,961","15,685,876",2.12,,,
California,11/14/2015,"45,851",11/07/2015,"316,408","15,685,876",2.02,,,
California,11/21/2015,"53,792",11/14/2015,"351,182","15,685,876",2.24,,,
California,11/28/2015,"33,484",11/21/2015,"268,975","15,685,876",1.71,,,
California,12/05/2015,"55,971",11/28/2015,"425,481","15,685,876",2.71,,,
California,12/12/2015,"55,903",12/05/2015,"379,914","15,685,876",2.42,,,
California,12/19/2015,"53,000",12/12/2015,"387,490","15,685,876",2.47,,,
California,12/26/2015,"43,100",12/19/2015,"333,886","15,685,876",2.13,,,
California,01/02/2016,"40,909",12/26/2015,"378,586","15,685,876",2.41,,,
California,01/09/2016,"58,280",01/02/2016,"425,252","15,796,759",2.69,,,
California,01/16/2016,"74,705",01/09/2016,"421,761","15,796,759",2.67,,,
California,01/23/2016,"53,436",01/16/2016,"405,280","15,796,759",2.57,,,
California,01/30/2016,"50,563",01/23/2016,"426,884","15,796,759",2.7,,,
California,02/06/2016,"49,006",01/30/2016,"414,632","15,796,759",2.62,,,
California,02/13/2016,"47,599",02/06/2016,"417,123","15,796,759",2.64,,,
California,02/20/2016,"42,084",02/13/2016,"384,556","15,796,759",2.43,,,
California,02/27/2016,"46,430",02/20/2016,"435,303","15,796,759",2.76,,,
California,03/05/2016,"45,142",02/27/2016,"415,193","15,796,759",2.63,,,
California,03/12/2016,"46,501",03/05/2016,"427,541","15,796,759",2.71,,,
California,03/19/2016,"44,151",03/12/2016,"416,514","15,796,759",2.64,,,
California,03/26/2016,"43,613",03/19/2016,"411,440","15,796,759",2.6,,,
California,04/02/2016,"36,495",03/26/2016,"404,644","15,796,759",2.56,,,
California,04/09/2016,"49,058",04/02/2016,"385,140","15,932,223",2.42,,,
California,04/16/2016,"50,147",04/09/2016,"384,589","15,932,223",2.41,,,
California,04/23/2016,"46,601",04/16/2016,"393,885","15,932,223",2.47,,,
California,04/30/2016,"42,674",04/23/2016,"379,128","15,932,223",2.38,,,
California,05/07/2016,"41,853",04/30/2016,"373,021","15,932,223",2.34,,,
California,05/14/2016,"43,498",05/07/2016,"364,633","15,932,223",2.29,,,
California,05/21/2016,"40,546",05/14/2016,"359,256","15,932,223",2.25,,,
California,05/28/2016,"44,373",05/21/2016,"352,879","15,932,223",2.21,,,
California,06/04/2016,"35,335",05/28/2016,"315,430","15,932,223",1.98,,,
California,06/11/2016,"54,097",06/04/2016,"342,261","15,932,223",2.15,,,
California,06/18/2016,"44,571",06/11/2016,"344,787","15,932,223",2.16,,,
California,06/25/2016,"49,734",06/18/2016,"342,724","15,932,223",2.15,,,
California,07/02/2016,"45,915",06/25/2016,"354,923","15,932,223",2.23,,,
California,07/09/2016,"39,137",07/02/2016,"318,772","16,049,781",1.99,,,
California,07/16/2016,"44,078",07/09/2016,"358,938","16,049,781",2.24,,,
California,07/23/2016,"42,549",07/16/2016,"350,989","16,049,781",2.19,,,
California,07/30/2016,"43,036",07/23/2016,"358,923","16,049,781",2.24,,,
California,08/06/2016,"43,415",07/30/2016,"351,250","16,049,781",2.19,,,
California,08/13/2016,"41,738",08/06/2016,"354,052","16,049,781",2.21,,,
California,08/20/2016,"38,776",08/13/2016,"348,813","16,049,781",2.17,,,
California,08/27/2016,"40,404",08/20/2016,"359,363","16,049,781",2.24,,,
California,09/03/2016,"40,240",08/27/2016,"336,929","16,049,781",2.1,,,
California,09/10/2016,"35,613",09/03/2016,"317,781","16,049,781",1.98,,,
California,09/17/2016,"38,765",09/10/2016,"322,285","16,049,781",2.01,,,
California,09/24/2016,"38,021",09/17/2016,"322,607","16,049,781",2.01,,,
California,10/01/2016,"38,281",09/24/2016,"314,645","16,049,781",1.96,,,
California,10/08/2016,"43,422",10/01/2016,"320,241","16,170,165",1.98,,,
California,10/15/2016,"46,010",10/08/2016,"301,777","16,170,165",1.87,,,
California,10/22/2016,"44,406",10/15/2016,"319,330","16,170,165",1.97,,,
California,10/29/2016,"46,393",10/22/2016,"316,187","16,170,165",1.96,,,
California,11/05/2016,"47,345",10/29/2016,"320,612","16,170,165",1.98,,,
California,11/12/2016,"39,455",11/05/2016,"311,269","16,170,165",1.92,,,
California,11/19/2016,"53,669",11/12/2016,"353,912","16,170,165",2.19,,,
California,11/26/2016,"42,330",11/19/2016,"295,675","16,170,165",1.83,,,
California,12/03/2016,"53,810",11/26/2016,"383,139","16,170,165",2.37,,,
California,12/10/2016,"50,637",12/03/2016,"366,490","16,170,165",2.27,,,
California,12/17/2016,"50,254",12/10/2016,"377,184","16,170,165",2.33,,,
California,12/24/2016,"52,811",12/17/2016,"364,428","16,170,165",2.25,,,
California,12/31/2016,"37,975",12/24/2016,"349,709","16,170,165",2.16,,,
California,01/07/2017,"43,975",12/31/2016,"377,379","16,170,165",2.33,,,
California,01/14/2017,"60,959",01/07/2017,"419,806","16,288,780",2.58,,,
California,01/21/2017,"61,914",01/14/2017,"382,714","16,288,780",2.35,,,
California,01/28/2017,"53,825",01/21/2017,"429,836","16,288,780",2.64,,,
California,02/04/2017,"45,464",01/28/2017,"407,599","16,288,780",2.5,,,
California,02/11/2017,"49,677",02/04/2017,"422,195","16,288,780",2.59,,,
California,02/18/2017,"48,928",02/11/2017,"431,201","16,288,780",2.65,,,
California,02/25/2017,"43,328",02/18/2017,"400,795","16,288,780",2.46,,,
California,03/04/2017,"45,208",02/25/2017,"435,797","16,288,780",2.68,,,
California,03/11/2017,"45,766",03/04/2017,"434,160","16,288,780",2.67,,,
California,03/18/2017,"41,002",03/11/2017,"400,481","16,288,780",2.46,,,
California,03/25/2017,"42,605",03/18/2017,"416,245","16,288,780",2.56,,,
California,04/01/2017,"35,367",03/25/2017,"393,445","16,288,780",2.42,,,
California,04/08/2017,"43,753",04/01/2017,"401,748","16,386,501",2.45,,,
California,04/15/2017,"47,139",04/08/2017,"381,526","16,386,501",2.33,,,
California,04/22/2017,"45,118",04/15/2017,"384,361","16,386,501",2.35,,,
California,04/29/2017,"43,906",04/22/2017,"381,890","16,386,501",2.33,,,
California,05/06/2017,"43,076",04/29/2017,"364,455","16,386,501",2.22,,,
California,05/13/2017,"37,564",05/06/2017,"341,907","16,386,501",2.09,,,
California,05/20/2017,"38,020",05/13/2017,"351,230","16,386,501",2.14,,,
California,05/27/2017,"42,833",05/20/2017,"344,586","16,386,501",2.1,,,
California,06/03/2017,"34,520",05/27/2017,"306,664","16,386,501",1.87,,,
California,06/10/2017,"40,929",06/03/2017,"335,391","16,386,501",2.05,,,
California,06/17/2017,"42,543",06/10/2017,"328,443","16,386,501",2,,,
California,06/24/2017,"46,687",06/17/2017,"327,958","16,386,501",2,,,
California,07/01/2017,"46,015",06/24/2017,"349,417","16,386,501",2.13,,,
California,07/08/2017,"37,798",07/01/2017,"305,196","16,471,222",1.85,,,
California,07/15/2017,"44,660",07/08/2017,"350,317","16,471,222",2.13,,,
California,07/22/2017,"44,966",07/15/2017,"341,278","16,471,222",2.07,,,
California,07/29/2017,"42,475",07/22/2017,"340,754","16,471,222",2.07,,,
California,08/05/2017,"39,523",07/29/2017,"346,962","16,471,222",2.11,,,
California,08/12/2017,"37,072",08/05/2017,"330,965","16,471,222",2.01,,,
California,08/19/2017,"37,843",08/12/2017,"337,727","16,471,222",2.05,,,
California,08/26/2017,"38,819",08/19/2017,"329,595","16,471,222",2,,,
California,09/02/2017,"37,777",08/26/2017,"327,903","16,471,222",1.99,,,
California,09/09/2017,"30,402",09/02/2017,"297,261","16,471,222",1.8,,,
California,09/16/2017,"39,899",09/09/2017,"313,472","16,471,222",1.9,,,
California,09/23/2017,"39,371",09/16/2017,"310,142","16,471,222",1.88,,,
California,09/30/2017,"37,388",09/23/2017,"306,277","16,471,222",1.86,,,
California,10/07/2017,"41,888",09/30/2017,"300,200","16,471,222",1.82,,,
California,10/14/2017,"40,977",10/07/2017,"283,405","16,550,811",1.71,,,
California,10/21/2017,"41,871",10/14/2017,"296,407","16,550,811",1.79,,,
California,10/28/2017,"43,283",10/21/2017,"302,351","16,550,811",1.83,,,
California,11/04/2017,"43,653",10/28/2017,"312,899","16,550,811",1.89,,,
California,11/11/2017,"44,894",11/04/2017,"284,449","16,550,811",1.72,,,
California,11/18/2017,"50,994",11/11/2017,"324,625","16,550,811",1.96,,,
California,11/25/2017,"35,936",11/18/2017,"254,163","16,550,811",1.54,,,
California,12/02/2017,"54,267",11/25/2017,"380,313","16,550,811",2.3,,,
California,12/09/2017,"47,792",12/02/2017,"334,048","16,550,811",2.02,,,
California,12/16/2017,"47,721",12/09/2017,"369,439","16,550,811",2.23,,,
California,12/23/2017,"45,239",12/16/2017,"348,593","16,550,811",2.11,,,
California,12/30/2017,"35,363",12/23/2017,"348,237","16,550,811",2.1,,,
California,01/06/2018,"47,290",12/30/2017,"347,280","16,550,811",2.1,,,
California,01/13/2018,"58,962",01/06/2018,"383,701","16,632,810",2.31,,,
California,01/20/2018,"51,749",01/13/2018,"339,287","16,632,810",2.04,,,
California,01/27/2018,"49,062",01/20/2018,"398,473","16,632,810",2.4,,,
California,02/03/2018,"43,687",01/27/2018,"380,202","16,632,810",2.29,,,
California,02/10/2018,"41,154",02/03/2018,"405,765","16,632,810",2.44,,,
California,02/17/2018,"40,230",02/10/2018,"371,984","16,632,810",2.24,,,
California,02/24/2018,"31,072",02/17/2018,"392,058","16,632,810",2.36,,,
California,03/03/2018,"42,718",02/24/2018,"368,738","16,632,810",2.22,,,
California,03/10/2018,"44,552",03/03/2018,"398,557","16,632,810",2.4,,,
California,03/17/2018,"42,127",03/10/2018,"377,516","16,632,810",2.27,,,
California,03/24/2018,"39,173",03/17/2018,"399,410","16,632,810",2.4,,,
California,03/31/2018,"39,130",03/24/2018,"362,286","16,632,810",2.18,,,
California,04/07/2018,"41,072",03/31/2018,"387,730","16,632,810",2.33,,,
California,04/14/2018,"45,026",04/07/2018,"361,512","16,710,351",2.16,,,
California,04/21/2018,"40,673",04/14/2018,"386,990","16,710,351",2.32,,,
California,04/28/2018,"39,940",04/21/2018,"337,467","16,710,351",2.02,,,
California,05/05/2018,"39,065",04/28/2018,"370,182","16,710,351",2.22,,,
California,05/12/2018,"39,382",05/05/2018,"323,744","16,710,351",1.94,,,
California,05/19/2018,"41,544",05/12/2018,"335,046","16,710,351",2.01,,,
California,05/26/2018,"37,545",05/19/2018,"326,317","16,710,351",1.95,,,
California,06/02/2018,"35,607",05/26/2018,"310,451","16,710,351",1.86,,,
California,06/09/2018,"40,198",06/02/2018,"305,840","16,710,351",1.83,,,
California,06/16/2018,"41,417",06/09/2018,"309,011","16,710,351",1.85,,,
California,06/23/2018,"46,837",06/16/2018,"301,549","16,710,351",1.8,,,
California,06/30/2018,"40,433",06/23/2018,"316,331","16,710,351",1.89,,,
California,07/07/2018,"35,046",06/30/2018,"292,678","16,710,351",1.75,,,
California,07/14/2018,"41,391",07/07/2018,"321,230","16,799,074",1.91,,,
California,07/21/2018,"39,610",07/14/2018,"321,417","16,799,074",1.91,,,
California,07/28/2018,"36,564",07/21/2018,"308,049","16,799,074",1.83,,,
California,08/04/2018,"37,852",07/28/2018,"324,126","16,799,074",1.93,,,
California,08/11/2018,"36,609",08/04/2018,"310,455","16,799,074",1.85,,,
California,08/18/2018,"37,154",08/11/2018,"319,025","16,799,074",1.9,,,
California,08/25/2018,"35,722",08/18/2018,"303,782","16,799,074",1.81,,,
California,09/01/2018,"35,413",08/25/2018,"305,384","16,799,074",1.82,,,
California,09/08/2018,"31,348",09/01/2018,"275,418","16,799,074",1.64,,,
California,09/15/2018,"33,418",09/08/2018,"287,158","16,799,074",1.71,,,
California,09/22/2018,"34,363",09/15/2018,"282,235","16,799,074",1.68,,,
California,09/29/2018,"33,403",09/22/2018,"282,559","16,799,074",1.68,,,
California,10/06/2018,"38,015",09/29/2018,"274,676","16,799,074",1.64,,,
California,10/13/2018,"40,612",10/06/2018,"268,204","16,900,653",1.59,,,
California,10/20/2018,"39,783",10/13/2018,"270,349","16,900,653",1.6,,,
California,10/27/2018,"38,096",10/20/2018,"281,013","16,900,653",1.66,,,
California,11/03/2018,"40,888",10/27/2018,"276,927","16,900,653",1.64,,,
California,11/10/2018,"45,094",11/03/2018,"286,543","16,900,653",1.7,,,
California,11/17/2018,"38,233",11/10/2018,"271,293","16,900,653",1.61,,,
California,11/24/2018,"33,988",11/17/2018,"258,905","16,900,653",1.53,,,
California,12/01/2018,"55,049",11/24/2018,"313,468","16,900,653",1.85,,,
California,12/08/2018,"47,395",12/01/2018,"325,163","16,900,653",1.92,,,
California,12/15/2018,"47,515",12/08/2018,"327,460","16,900,653",1.94,,,
California,12/22/2018,"48,469",12/15/2018,"336,011","16,900,653",1.99,,,
California,12/29/2018,"38,362",12/22/2018,"310,725","16,900,653",1.84,,,
California,01/05/2019,"38,536",12/29/2018,"348,968","16,900,653",2.06,,,
California,01/12/2019,"53,519",01/05/2019,"366,000","16,987,900",2.15,,,
California,01/19/2019,"48,844",01/12/2019,"371,261","16,987,900",2.19,,,
California,01/26/2019,"56,886",01/19/2019,"388,607","16,987,900",2.29,,,
California,02/02/2019,"48,904",01/26/2019,"363,358","16,987,900",2.14,,,
California,02/09/2019,"44,850",02/02/2019,"371,696","16,987,900",2.19,,,
California,02/16/2019,"43,516",02/09/2019,"360,835","16,987,900",2.12,,,
California,02/23/2019,"34,449",02/16/2019,"386,100","16,987,900",2.27,,,
California,03/02/2019,"41,085",02/23/2019,"380,331","16,987,900",2.24,,,
California,03/09/2019,"40,896",03/02/2019,"402,138","16,987,900",2.37,,,
California,03/16/2019,"41,128",03/09/2019,"372,306","16,987,900",2.19,,,
California,03/23/2019,"39,832",03/16/2019,"384,846","16,987,900",2.27,,,
California,03/30/2019,"38,528",03/23/2019,"368,658","16,987,900",2.17,,,
California,04/06/2019,"36,227",03/30/2019,"373,823","16,987,900",2.2,,,
California,04/13/2019,"39,429",04/06/2019,"347,023","17,063,245",2.03,,,
California,04/20/2019,"43,900",04/13/2019,"361,762","17,063,245",2.12,,,
California,04/27/2019,"40,312",04/20/2019,"333,180","17,063,245",1.95,,,
California,05/04/2019,"38,392",04/27/2019,"342,461","17,063,245",2.01,,,
California,05/11/2019,"39,618",05/04/2019,"330,763","17,063,245",1.94,,,
California,05/18/2019,"37,428",05/11/2019,"344,735","17,063,245",2.02,,,
California,05/25/2019,"38,275",05/18/2019,"319,156","17,063,245",1.87,,,
California,06/01/2019,"34,781",05/25/2019,"317,598","17,063,245",1.86,,,
California,06/08/2019,"41,288",06/01/2019,"317,108","17,063,245",1.86,,,
California,06/15/2019,"38,753",06/08/2019,"300,412","17,063,245",1.76,,,
California,06/22/2019,"44,396",06/15/2019,"306,005","17,063,245",1.79,,,
California,06/29/2019,"42,404",06/22/2019,"300,575","17,063,245",1.76,,,
California,07/06/2019,"35,194",06/29/2019,"307,450","17,063,245",1.8,,,
California,07/13/2019,"39,061",07/06/2019,"301,444","17,144,715",1.76,,,
California,07/20/2019,"39,341",07/13/2019,"306,388","17,144,715",1.79,,,
California,07/27/2019,"38,438",07/20/2019,"311,686","17,144,715",1.82,,,
California,08/03/2019,"36,041",07/27/2019,"305,372","17,144,715",1.78,,,
California,08/10/2019,"41,404",08/03/2019,"329,057","17,144,715",1.92,,,
California,08/17/2019,"35,430",08/10/2019,"294,646","17,144,715",1.72,,,
California,08/24/2019,"34,596",08/17/2019,"307,762","17,144,715",1.8,,,
California,08/31/2019,"34,358",08/24/2019,"290,655","17,144,715",1.7,,,
California,09/07/2019,"30,771",08/31/2019,"269,570","17,144,715",1.57,,,
California,09/14/2019,"34,650",09/07/2019,"285,564","17,144,715",1.67,,,
California,09/21/2019,"35,161",09/14/2019,"279,176","17,144,715",1.63,,,
California,09/28/2019,"33,226",09/21/2019,"277,881","17,144,715",1.62,,,
California,10/05/2019,"33,326",09/28/2019,"276,630","17,144,715",1.61,,,
California,10/12/2019,"40,182",10/05/2019,"260,397","17,203,829",1.51,,,
California,10/19/2019,"39,191",10/12/2019,"258,717","17,203,829",1.5,,,
California,10/26/2019,"41,081",10/19/2019,"281,060","17,203,829",1.63,,,
California,11/02/2019,"39,332",10/26/2019,"267,628","17,203,829",1.56,,,
California,11/09/2019,"45,816",11/02/2019,"284,199","17,203,829",1.65,,,
California,11/16/2019,"40,749",11/09/2019,"274,354","17,203,829",1.59,,,
California,11/23/2019,"49,133",11/16/2019,"291,706","17,203,829",1.7,,,
California,11/30/2019,"36,457",11/23/2019,"259,563","17,203,829",1.51,,,
California,12/07/2019,"48,434",11/30/2019,"327,504","17,203,829",1.9,,,
California,12/14/2019,"47,521",12/07/2019,"321,564","17,203,829",1.87,,,
California,12/21/2019,"49,943",12/14/2019,"325,387","17,203,829",1.89,,,
California,12/28/2019,"34,301",12/21/2019,"300,551","17,203,829",1.75,,,
California,01/04/2020,"36,720",12/28/2019,"359,606","17,203,829",2.09,,,
California,01/11/2020,"51,993",01/04/2020,"356,376","17,265,039",2.06,,,
California,01/18/2020,"64,858",01/11/2020,"376,947","17,265,039",2.18,,,
California,01/25/2020,"45,596",01/18/2020,"336,269","17,265,039",1.95,,,
California,02/01/2020,"43,458",01/25/2020,"388,341","17,265,039",2.25,,,
California,02/08/2020,"40,392",02/01/2020,"359,156","17,265,039",2.08,,,
California,02/15/2020,"43,445",02/08/2020,"375,305","17,265,039",2.17,,,
California,02/22/2020,"34,979",02/15/2020,"349,252","17,265,039",2.02,,,
California,02/29/2020,"41,678",02/22/2020,"369,988","17,265,039",2.14,,,
California,03/07/2020,"43,385",02/29/2020,"378,864","17,265,039",2.19,,,
California,03/14/2020,"57,606",03/07/2020,"351,344","17,265,039",2.04,,,
California,03/21/2020,"186,333",03/14/2020,"421,912","17,265,039",2.44,,,
California,03/28/2020,"1,058,325",03/21/2020,"400,565","17,265,039",2.32,,,
California,04/04/2020,"918,814",03/28/2020,"1,076,761","17,265,039",6.24,,,
California,04/11/2020,"655,472",04/04/2020,"1,429,954","17,330,010",8.25,,,
California,04/18/2020,"528,360",04/11/2020,"2,422,458","17,330,010",13.98,,,
California,04/25/2020,"325,343",04/18/2020,"1,887,575","17,330,010",10.89,,,
California,05/02/2020,"316,257",04/25/2020,"4,808,361","17,330,010",27.75,,,
California,05/09/2020,"212,667",05/02/2020,"2,850,204","17,330,010",16.45,,,
California,05/16/2020,"244,431",05/09/2020,"3,565,153","17,330,010",20.57,,,
California,05/23/2020,"203,262",05/16/2020,"2,155,310","17,330,010",12.44,,,
California,05/30/2020,"228,634",05/23/2020,"2,752,401","17,330,010",15.88,,,
California,06/06/2020,"255,836",05/30/2020,"2,812,484","17,330,010",16.23,,,
California,06/13/2020,"241,424",06/06/2020,"3,001,413","17,330,010",17.32,,,
California,06/20/2020,"284,494",06/13/2020,"2,779,425","17,330,010",16.04,,,
California,06/27/2020,"277,362",06/20/2020,"2,901,601","17,330,010",16.74,,,
California,07/04/2020,"264,791",06/27/2020,"2,758,474","17,330,010",15.92,,,
California,07/11/2020,"284,914",07/04/2020,"2,946,807","17,396,834",16.94,,,
California,07/18/2020,"289,594",07/11/2020,"2,704,904","17,396,834",15.55,,,
California,07/25/2020,"244,653",07/18/2020,"3,140,619","17,396,834",18.05,,,
California,08/01/2020,"222,043",07/25/2020,"2,789,482","17,396,834",16.03,,,
California,08/08/2020,"202,509",08/01/2020,"2,961,188","17,396,834",17.02,,,
California,08/15/2020,"190,354",08/08/2020,"2,806,840","17,396,834",16.13,,,
California,08/22/2020,"196,916",08/15/2020,"2,837,991","17,396,834",16.31,,,
California,08/29/2020,"219,563",08/22/2020,"2,570,005","17,396,834",14.77,,,
California,09/05/2020,"243,404",08/29/2020,"3,012,587","17,396,834",17.32,,,
California,09/12/2020,"226,004",09/05/2020,"2,724,331","17,396,834",15.66,,,
California,09/19/2020,"226,179",09/12/2020,"2,802,145","17,396,834",16.11,,,
California,09/26/2020,"171,220",09/19/2020,"2,274,592","17,396,834",13.07,,,
California,10/03/2020,"148,213",09/26/2020,"2,212,779","17,396,834",12.72,,,
California,10/10/2020,"176,083",10/03/2020,"2,011,273","17,473,068",11.51,,,
California,10/17/2020,"159,876",10/10/2020,"1,836,240","17,473,068",10.51,,,
California,10/24/2020,"152,176",10/17/2020,"1,653,245","17,473,068",9.46,,,
California,10/31/2020,"152,480",10/24/2020,"1,561,263","17,473,068",8.94,,,
California,11/07/2020,"157,773",10/31/2020,"1,446,336","17,473,068",8.28,,,
California,11/14/2020,"158,825",11/07/2020,"1,388,837","17,473,068",7.95,,,
California,11/21/2020,"168,186",11/14/2020,"1,277,409","17,473,068",7.31,,,
California,11/28/2020,"130,383",11/21/2020,"1,103,423","17,473,068",6.31,,,
California,12/05/2020,"178,724",11/28/2020,"1,224,826","17,473,068",7.01,,,
California,12/12/2020,"204,388",12/05/2020,"1,159,688","17,473,068",6.64,,,
California,12/19/2020,"158,661",12/12/2020,"1,006,699","17,473,068",5.76,,,
California,12/26/2020,"168,732",12/19/2020,"1,048,514","17,473,068",6,,,
California,01/02/2021,"160,989",12/26/2020,"876,615","17,473,068",5.02,,,
California,01/09/2021,"182,625",01/02/2021,"973,908","16,937,325",5.75,,,
California,01/16/2021,"117,242",01/09/2021,"894,354","16,937,325",5.28,,,
California,01/23/2021,"58,226",01/16/2021,"816,618","16,937,325",4.82,,,
California,01/30/2021,"109,251",01/23/2021,"778,456","16,937,325",4.6,,,
,,,,,,,,,
Run Date: 2/16/2021,,,,,,,,,
